{"payload":{"installed_packages":["absl-py==2.1.0","anyio==4.3.0","anyio==4.4.0","argon2-cffi==23.1.0","argon2-cffi-bindings==21.2.0","arrow==1.3.0","asttokens==2.4.1","astunparse==1.6.3","async-lru==2.0.4","attrs==23.2.0","babel==2.14.0","babel==2.15.0","beautifulsoup4==4.12.3","bleach==6.1.0","brotli==1.0.9","cached-property==1.5.2","certifi==2024.2.2","certifi==2024.6.2","cffi==1.16.0","charset-normalizer==3.3.2","colorama==0.4.6","comet-ml==3.43.0","comm==0.2.2","configobj==5.0.8","contourpy==1.2.1","cycler==0.12.1","debugpy==1.6.7","debugpy==1.8.1","decorator==5.1.1","defusedxml==0.7.1","dulwich==0.22.1","entrypoints==0.4","everett==3.1.0","exceptiongroup==1.2.0","executing==2.0.1","fastjsonschema==2.19.1","filelock==3.14.0","flatbuffers==24.3.25","fonttools==4.53.0","fqdn==1.5.1","fsspec==2024.6.0","gast==0.5.4","gitdb==4.0.11","gitpython==3.1.43","google-pasta==0.2.0","grpcio==1.64.1","h11==0.14.0","h2==4.1.0","h5py==3.11.0","hpack==4.0.0","httpcore==1.0.5","httpx==0.27.0","hyperframe==6.0.1","idna==3.7","importlib_metadata==7.1.0","importlib_resources==6.4.0","intel-openmp==2021.4.0","ipykernel==6.29.3","ipython==8.25.0","ipywidgets==8.1.3","isoduration==20.11.0","jedi==0.19.1","jinja2==3.1.4","json5==0.9.25","jsonpointer==2.0","jsonpointer==2.4","jsonschema==4.22.0","jsonschema-specifications==2023.12.1","jupyter==1.0.0","jupyter-console==6.6.3","jupyter-events==0.10.0","jupyter-lsp==2.2.5","jupyter_client==7.4.9","jupyter_client==8.6.2","jupyter_core==5.5.0","jupyter_core==5.7.2","jupyter_server==2.14.1","jupyter_server_terminals==0.5.3","jupyterlab==4.2.1","jupyterlab_pygments==0.3.0","jupyterlab_server==2.27.2","jupyterlab_widgets==3.0.11","keras==3.3.3","kiwisolver==1.4.5","libclang==18.1.1","markdown==3.6","markdown-it-py==3.0.0","markupsafe==2.1.3","markupsafe==2.1.5","matplotlib==3.9.0","matplotlib-inline==0.1.7","mdurl==0.1.2","mistune==3.0.2","mkl==2021.4.0","ml-dtypes==0.3.2","mpmath==1.3.0","namex==0.0.8","nbclient==0.10.0","nbconvert==7.16.4","nbformat==5.10.4","nest-asyncio==1.6.0","networkx==3.3","notebook==7.2.0","notebook_shim==0.2.4","numpy==1.26.4","opencv-python==4.10.0.82","opt-einsum==3.3.0","optree==0.11.0","overrides==7.7.0","packaging==24.0","pandas==2.2.2","pandocfilters==1.5.0","pandocfilters==1.5.1","parso==0.8.4","pickleshare==0.7.5","pillow==10.3.0","pip==24.0","pkgutil_resolve_name==1.3.10","platformdirs==4.2.2","prometheus_client==0.20.0","prompt-toolkit==3.0.42","prompt_toolkit==3.0.46","protobuf==4.25.3","psutil==5.9.0","psutil==5.9.8","pure-eval==0.2.2","py-cpuinfo==9.0.0","pycparser==2.22","pygments==2.18.0","pyparsing==3.1.2","pysocks==1.7.1","python-box==6.1.0","python-dateutil==2.9.0","python-dateutil==2.9.0.post0","python-json-logger==2.0.7","pytz==2024.1","pywin32==305.1","pywin32==306","pywinpty==2.0.10","pywinpty==2.0.13","pyyaml==6.0.1","pyzmq==24.0.1","pyzmq==26.0.3","qtconsole==5.5.2","qtpy==2.4.1","referencing==0.35.1","requests==2.32.3","requests-toolbelt==1.0.0","rfc3339-validator==0.1.4","rfc3986-validator==0.1.1","rich==13.7.1","rpds-py==0.10.6","rpds-py==0.18.1","scipy==1.13.1","seaborn==0.13.2","semantic-version==2.10.0","send2trash==1.8.3","sentry-sdk==2.4.0","setuptools==69.5.1","simplejson==3.19.2","six==1.16.0","smmap==5.0.1","sniffio==1.3.1","soupsieve==2.5","stack-data==0.6.2","stack-data==0.6.3","sympy==1.12.1","tbb==2021.12.0","tensorboard==2.16.2","tensorboard-data-server==0.7.2","tensorflow==2.16.1","tensorflow-intel==2.16.1","termcolor==2.4.0","terminado==0.18.1","thop==0.1.1-2209072238","tinycss2==1.3.0","tomli==2.0.1","torch==2.3.1+cu118","torchaudio==2.3.1+cu118","torchvision==0.18.1+cu118","tornado==6.3.3","tornado==6.4","tqdm==4.66.4","traitlets==5.14.3","types-python-dateutil==2.9.0.20240316","typing-utils==0.1.0","typing_extensions==4.12.1","tzdata==2024.1","ultralytics==8.2.28","ultralytics-thop==0.2.7","uri-template==1.3.0","urllib3==2.2.1","wcwidth==0.2.13","webcolors==1.13","webencodings==0.5.1","websocket-client==1.8.0","werkzeug==3.0.3","wheel==0.43.0","widgetsnbextension==4.0.11","win-inet-pton==1.1.0","wrapt==1.16.0","wurlitzer==3.1.0","zipp==3.17.0"],"message_id":1},"type":"installed_packages"}
{"payload":{"command":["train.py","--img","640","--batch","16","--epochs","30","--data","data/data.yaml","--cfg","models/yolov5n.yaml","--weights","weights/yolov5n.pt"],"env":null,"hostname":"DESKTOP-MQFT83I","ip":"223.195.38.136","machine":"AMD64","message_id":2,"os":"Windows-10-10.0.19045-SP0","os_release":"10","os_type":"Windows","pid":12908,"processor":"Intel64 Family 6 Model 158 Stepping 10, GenuineIntel","python_exe":"C:\\Users\\CVPR Lab\\.conda\\envs\\cvprlab\\python.exe","python_version":"3.12.3","python_version_verbose":"3.12.3 | packaged by Anaconda, Inc. | (main, May  6 2024, 19:42:21) [MSC v.1916 64 bit (AMD64)]","user":"CVPR_Lab"},"type":"system_details"}
{"payload":{"gpu_static_info":[{"gpu_index":0,"name":"NVIDIA GeForce RTX 2070 SUPER","power_limit":215000,"total_memory":8589934592,"uuid":"GPU-9ddc00e7-df11-cfe9-8adf-d5a1f2e4d57d"}],"message_id":3},"type":"gpu_static_info"}
{"payload":{"local_timestamp":1717565997266,"message_id":4,"metric":{"epoch":null,"metricName":"sys.gpu.0.total_memory","metricValue":8589934592,"step":null}},"type":"metric_msg"}
{"payload":{"local_timestamp":1717565997268,"message_id":5,"param":{"paramName":"img","paramValue":640,"source":"cli","step":null}},"type":"parameter_msg"}
{"payload":{"local_timestamp":1717565997268,"message_id":6,"param":{"paramName":"batch","paramValue":16,"source":"cli","step":null}},"type":"parameter_msg"}
{"payload":{"local_timestamp":1717565997268,"message_id":7,"param":{"paramName":"epochs","paramValue":30,"source":"cli","step":null}},"type":"parameter_msg"}
{"payload":{"local_timestamp":1717565997268,"message_id":8,"param":{"paramName":"data","paramValue":"data/data.yaml","source":"cli","step":null}},"type":"parameter_msg"}
{"payload":{"local_timestamp":1717565997268,"message_id":9,"param":{"paramName":"cfg","paramValue":"models/yolov5n.yaml","source":"cli","step":null}},"type":"parameter_msg"}
{"payload":{"local_timestamp":1717565997268,"message_id":10,"param":{"paramName":"weights","paramValue":"weights/yolov5n.pt","source":"cli","step":null}},"type":"parameter_msg"}
{"payload":{"key":"offline_experiment","message_id":11,"value":true},"type":"log_other"}
{"payload":{"key":"Name","message_id":12,"value":"exp"},"type":"log_other"}
{"payload":{"additional_params":{"assetId":"bc5631c3a86d434db3708187cbb967e5","context":null,"extension":"yaml","fileName":"data.yaml","overwrite":false,"runId":null,"step":null},"clean":true,"file_path":"tmpfcxat2gu","local_timestamp":1717565997272,"message_id":13,"metadata":{"type":"data-config-file"},"upload_type":"asset"},"type":"file_upload"}
{"payload":{"local_timestamp":1717565997272,"message_id":14,"metric":{"epoch":null,"metricName":"sys.gpu.0.gpu_utilization","metricValue":2,"step":null}},"type":"metric_msg"}
{"payload":{"local_timestamp":1717565997272,"message_id":15,"metric":{"epoch":null,"metricName":"sys.gpu.0.power_usage","metricValue":33000,"step":null}},"type":"metric_msg"}
{"payload":{"local_timestamp":1717565997272,"message_id":16,"metric":{"epoch":null,"metricName":"sys.gpu.0.temperature","metricValue":40,"step":null}},"type":"metric_msg"}
{"payload":{"local_timestamp":1717565997272,"message_id":17,"metric":{"epoch":null,"metricName":"sys.gpu.0.memory_utilization","metricValue":1,"step":null}},"type":"metric_msg"}
{"payload":{"local_timestamp":1717565997272,"message_id":18,"metric":{"epoch":null,"metricName":"sys.gpu.0.free_memory","metricValue":5748162560,"step":null}},"type":"metric_msg"}
{"payload":{"local_timestamp":1717565997273,"message_id":19,"metric":{"epoch":null,"metricName":"sys.gpu.0.used_memory","metricValue":2841772032,"step":null}},"type":"metric_msg"}
{"payload":{"local_timestamp":1717565997273,"message_id":20,"metric":{"epoch":null,"metricName":"sys.gpu.0.percent.used_memory","metricValue":33.08258056640625,"step":null}},"type":"metric_msg"}
{"payload":{"local_timestamp":1717565997553,"message_id":21,"metric":{"epoch":null,"metricName":"sys.cpu.percent.avg","metricValue":8.566666666666666,"step":null}},"type":"metric_msg"}
{"payload":{"local_timestamp":1717565997553,"message_id":22,"metric":{"epoch":null,"metricName":"sys.ram.total","metricValue":17094189056,"step":null}},"type":"metric_msg"}
{"payload":{"local_timestamp":1717565997553,"message_id":23,"metric":{"epoch":null,"metricName":"sys.ram.used","metricValue":8064696320,"step":null}},"type":"metric_msg"}
{"payload":{"local_timestamp":1717565997553,"message_id":24,"metric":{"epoch":null,"metricName":"sys.ram.available","metricValue":9029492736,"step":null}},"type":"metric_msg"}
{"payload":{"local_timestamp":1717565997553,"message_id":25,"metric":{"epoch":null,"metricName":"sys.ram.percent.used","metricValue":47.2,"step":null}},"type":"metric_msg"}
{"payload":{"local_timestamp":1717565997553,"message_id":26,"metric":{"epoch":null,"metricName":"sys.load.avg","metricValue":0.0,"step":null}},"type":"metric_msg"}
{"payload":{"local_timestamp":1717565997564,"message_id":27,"output":"\nDataset not found , missing paths ['C:\\\\Users\\\\CVPR Lab\\\\Desktop\\\\METAVERSE LAB\\\\[LAB]Research\\\\PyLabs\\\\yolov5_cuda\\\\yolov5\\\\valid\\\\images']\n","stderr":true},"type":"standard_output"}
{"payload":{"local_timestamp":1717565997565,"message_id":28,"output":"Traceback (most recent call last):\n","stderr":true},"type":"standard_output"}
{"payload":{"local_timestamp":1717565997565,"message_id":29,"output":"  File \"C:\\Users\\CVPR Lab\\Desktop\\METAVERSE LAB\\[LAB]Research\\PyLabs\\yolov5_cuda\\yolov5\\train.py\", line 848, in <module>\n","stderr":true},"type":"standard_output"}
{"payload":{"local_timestamp":1717565997566,"message_id":30,"output":"    ","stderr":true},"type":"standard_output"}
{"payload":{"local_timestamp":1717565997566,"message_id":31,"output":"main(opt)","stderr":true},"type":"standard_output"}
{"payload":{"local_timestamp":1717565997566,"message_id":32,"output":"\n","stderr":true},"type":"standard_output"}
{"payload":{"local_timestamp":1717565997567,"message_id":33,"output":"  File \"C:\\Users\\CVPR Lab\\Desktop\\METAVERSE LAB\\[LAB]Research\\PyLabs\\yolov5_cuda\\yolov5\\train.py\", line 623, in main\n","stderr":true},"type":"standard_output"}
{"payload":{"local_timestamp":1717565997568,"message_id":34,"output":"    ","stderr":true},"type":"standard_output"}
{"payload":{"local_timestamp":1717565997568,"message_id":35,"output":"train(opt.hyp, opt, device, callbacks)","stderr":true},"type":"standard_output"}
{"payload":{"local_timestamp":1717565997568,"message_id":36,"output":"\n","stderr":true},"type":"standard_output"}
{"payload":{"local_timestamp":1717565997569,"message_id":37,"output":"  File \"C:\\Users\\CVPR Lab\\Desktop\\METAVERSE LAB\\[LAB]Research\\PyLabs\\yolov5_cuda\\yolov5\\train.py\", line 153, in train\n","stderr":true},"type":"standard_output"}
{"payload":{"local_timestamp":1717565997569,"message_id":38,"output":"    ","stderr":true},"type":"standard_output"}
{"payload":{"local_timestamp":1717565997569,"message_id":39,"output":"loggers = Loggers(","stderr":true},"type":"standard_output"}
{"payload":{"local_timestamp":1717565997570,"message_id":40,"output":"\n","stderr":true},"type":"standard_output"}
{"payload":{"local_timestamp":1717565997570,"message_id":41,"output":" ","stderr":true},"type":"standard_output"}
{"payload":{"local_timestamp":1717565997570,"message_id":42,"output":" ","stderr":true},"type":"standard_output"}
{"payload":{"local_timestamp":1717565997570,"message_id":43,"output":" ","stderr":true},"type":"standard_output"}
{"payload":{"local_timestamp":1717565997570,"message_id":44,"output":" ","stderr":true},"type":"standard_output"}
{"payload":{"local_timestamp":1717565997570,"message_id":45,"output":" ","stderr":true},"type":"standard_output"}
{"payload":{"local_timestamp":1717565997570,"message_id":46,"output":" ","stderr":true},"type":"standard_output"}
{"payload":{"local_timestamp":1717565997570,"message_id":47,"output":" ","stderr":true},"type":"standard_output"}
{"payload":{"local_timestamp":1717565997570,"message_id":48,"output":" ","stderr":true},"type":"standard_output"}
{"payload":{"local_timestamp":1717565997570,"message_id":49,"output":" ","stderr":true},"type":"standard_output"}
{"payload":{"local_timestamp":1717565997570,"message_id":50,"output":" ","stderr":true},"type":"standard_output"}
{"payload":{"local_timestamp":1717565997570,"message_id":51,"output":" ","stderr":true},"type":"standard_output"}
{"payload":{"local_timestamp":1717565997570,"message_id":52,"output":" ","stderr":true},"type":"standard_output"}
{"payload":{"local_timestamp":1717565997570,"message_id":53,"output":" ","stderr":true},"type":"standard_output"}
{"payload":{"local_timestamp":1717565997570,"message_id":54,"output":" ","stderr":true},"type":"standard_output"}
{"payload":{"local_timestamp":1717565997570,"message_id":55,"output":"^","stderr":true},"type":"standard_output"}
{"payload":{"local_timestamp":1717565997570,"message_id":56,"output":"^","stderr":true},"type":"standard_output"}
{"payload":{"local_timestamp":1717565997570,"message_id":57,"output":"^","stderr":true},"type":"standard_output"}
{"payload":{"local_timestamp":1717565997570,"message_id":58,"output":"^","stderr":true},"type":"standard_output"}
{"payload":{"local_timestamp":1717565997570,"message_id":59,"output":"^","stderr":true},"type":"standard_output"}
{"payload":{"local_timestamp":1717565997570,"message_id":60,"output":"^","stderr":true},"type":"standard_output"}
{"payload":{"local_timestamp":1717565997570,"message_id":61,"output":"^","stderr":true},"type":"standard_output"}
{"payload":{"local_timestamp":1717565997570,"message_id":62,"output":"^","stderr":true},"type":"standard_output"}
{"payload":{"local_timestamp":1717565997570,"message_id":63,"output":"\n","stderr":true},"type":"standard_output"}
{"payload":{"local_timestamp":1717565997571,"message_id":64,"output":"  File \"C:\\Users\\CVPR Lab\\Desktop\\METAVERSE LAB\\[LAB]Research\\PyLabs\\yolov5_cuda\\yolov5\\utils\\loggers\\__init__.py\", line 148, in __init__\n","stderr":true},"type":"standard_output"}
{"payload":{"local_timestamp":1717565997572,"message_id":65,"output":"    ","stderr":true},"type":"standard_output"}
{"payload":{"local_timestamp":1717565997572,"message_id":66,"output":"self.comet_logger = CometLogger(self.opt, self.hyp)","stderr":true},"type":"standard_output"}
{"payload":{"local_timestamp":1717565997572,"message_id":67,"output":"\n","stderr":true},"type":"standard_output"}
{"payload":{"local_timestamp":1717565997572,"message_id":68,"output":" ","stderr":true},"type":"standard_output"}
{"payload":{"local_timestamp":1717565997572,"message_id":69,"output":" ","stderr":true},"type":"standard_output"}
{"payload":{"local_timestamp":1717565997572,"message_id":70,"output":" ","stderr":true},"type":"standard_output"}
{"payload":{"local_timestamp":1717565997572,"message_id":71,"output":" ","stderr":true},"type":"standard_output"}
{"payload":{"local_timestamp":1717565997572,"message_id":72,"output":" ","stderr":true},"type":"standard_output"}
{"payload":{"local_timestamp":1717565997572,"message_id":73,"output":" ","stderr":true},"type":"standard_output"}
{"payload":{"local_timestamp":1717565997573,"message_id":74,"output":" ","stderr":true},"type":"standard_output"}
{"payload":{"local_timestamp":1717565997573,"message_id":75,"output":" ","stderr":true},"type":"standard_output"}
{"payload":{"local_timestamp":1717565997573,"message_id":76,"output":" ","stderr":true},"type":"standard_output"}
{"payload":{"local_timestamp":1717565997573,"message_id":77,"output":" ","stderr":true},"type":"standard_output"}
{"payload":{"local_timestamp":1717565997573,"message_id":78,"output":" ","stderr":true},"type":"standard_output"}
{"payload":{"local_timestamp":1717565997573,"message_id":79,"output":" ","stderr":true},"type":"standard_output"}
{"payload":{"local_timestamp":1717565997573,"message_id":80,"output":" ","stderr":true},"type":"standard_output"}
{"payload":{"local_timestamp":1717565997573,"message_id":81,"output":" ","stderr":true},"type":"standard_output"}
{"payload":{"local_timestamp":1717565997573,"message_id":82,"output":" ","stderr":true},"type":"standard_output"}
{"payload":{"local_timestamp":1717565997573,"message_id":83,"output":" ","stderr":true},"type":"standard_output"}
{"payload":{"local_timestamp":1717565997573,"message_id":84,"output":" ","stderr":true},"type":"standard_output"}
{"payload":{"local_timestamp":1717565997573,"message_id":85,"output":" ","stderr":true},"type":"standard_output"}
{"payload":{"local_timestamp":1717565997573,"message_id":86,"output":" ","stderr":true},"type":"standard_output"}
{"payload":{"local_timestamp":1717565997573,"message_id":87,"output":" ","stderr":true},"type":"standard_output"}
{"payload":{"local_timestamp":1717565997573,"message_id":88,"output":" ","stderr":true},"type":"standard_output"}
{"payload":{"local_timestamp":1717565997573,"message_id":89,"output":" ","stderr":true},"type":"standard_output"}
{"payload":{"local_timestamp":1717565997573,"message_id":90,"output":" ","stderr":true},"type":"standard_output"}
{"payload":{"local_timestamp":1717565997573,"message_id":91,"output":" ","stderr":true},"type":"standard_output"}
{"payload":{"local_timestamp":1717565997573,"message_id":92,"output":"^","stderr":true},"type":"standard_output"}
{"payload":{"local_timestamp":1717565997573,"message_id":93,"output":"^","stderr":true},"type":"standard_output"}
{"payload":{"local_timestamp":1717565997573,"message_id":94,"output":"^","stderr":true},"type":"standard_output"}
{"payload":{"local_timestamp":1717565997573,"message_id":95,"output":"^","stderr":true},"type":"standard_output"}
{"payload":{"local_timestamp":1717565997573,"message_id":96,"output":"^","stderr":true},"type":"standard_output"}
{"payload":{"local_timestamp":1717565997573,"message_id":97,"output":"^","stderr":true},"type":"standard_output"}
{"payload":{"local_timestamp":1717565997573,"message_id":98,"output":"^","stderr":true},"type":"standard_output"}
{"payload":{"local_timestamp":1717565997573,"message_id":99,"output":"^","stderr":true},"type":"standard_output"}
{"payload":{"local_timestamp":1717565997573,"message_id":100,"output":"^","stderr":true},"type":"standard_output"}
{"payload":{"local_timestamp":1717565997573,"message_id":101,"output":"^","stderr":true},"type":"standard_output"}
{"payload":{"local_timestamp":1717565997573,"message_id":102,"output":"^","stderr":true},"type":"standard_output"}
{"payload":{"local_timestamp":1717565997573,"message_id":103,"output":"^","stderr":true},"type":"standard_output"}
{"payload":{"local_timestamp":1717565997573,"message_id":104,"output":"^","stderr":true},"type":"standard_output"}
{"payload":{"local_timestamp":1717565997573,"message_id":105,"output":"^","stderr":true},"type":"standard_output"}
{"payload":{"local_timestamp":1717565997573,"message_id":106,"output":"^","stderr":true},"type":"standard_output"}
{"payload":{"local_timestamp":1717565997573,"message_id":107,"output":"^","stderr":true},"type":"standard_output"}
{"payload":{"local_timestamp":1717565997573,"message_id":108,"output":"^","stderr":true},"type":"standard_output"}
{"payload":{"local_timestamp":1717565997573,"message_id":109,"output":"^","stderr":true},"type":"standard_output"}
{"payload":{"local_timestamp":1717565997573,"message_id":110,"output":"^","stderr":true},"type":"standard_output"}
{"payload":{"local_timestamp":1717565997573,"message_id":111,"output":"^","stderr":true},"type":"standard_output"}
{"payload":{"local_timestamp":1717565997573,"message_id":112,"output":"^","stderr":true},"type":"standard_output"}
{"payload":{"local_timestamp":1717565997573,"message_id":113,"output":"^","stderr":true},"type":"standard_output"}
{"payload":{"local_timestamp":1717565997573,"message_id":114,"output":"^","stderr":true},"type":"standard_output"}
{"payload":{"local_timestamp":1717565997573,"message_id":115,"output":"^","stderr":true},"type":"standard_output"}
{"payload":{"local_timestamp":1717565997573,"message_id":116,"output":"^","stderr":true},"type":"standard_output"}
{"payload":{"local_timestamp":1717565997573,"message_id":117,"output":"^","stderr":true},"type":"standard_output"}
{"payload":{"local_timestamp":1717565997573,"message_id":118,"output":"^","stderr":true},"type":"standard_output"}
{"payload":{"local_timestamp":1717565997573,"message_id":119,"output":"^","stderr":true},"type":"standard_output"}
{"payload":{"local_timestamp":1717565997573,"message_id":120,"output":"^","stderr":true},"type":"standard_output"}
{"payload":{"local_timestamp":1717565997573,"message_id":121,"output":"^","stderr":true},"type":"standard_output"}
{"payload":{"local_timestamp":1717565997573,"message_id":122,"output":"^","stderr":true},"type":"standard_output"}
{"payload":{"local_timestamp":1717565997573,"message_id":123,"output":"\n","stderr":true},"type":"standard_output"}
{"payload":{"local_timestamp":1717565997574,"message_id":124,"output":"  File \"C:\\Users\\CVPR Lab\\Desktop\\METAVERSE LAB\\[LAB]Research\\PyLabs\\yolov5_cuda\\yolov5\\utils\\loggers\\comet\\__init__.py\", line 97, in __init__\n","stderr":true},"type":"standard_output"}
{"payload":{"local_timestamp":1717565997574,"message_id":125,"output":"    ","stderr":true},"type":"standard_output"}
{"payload":{"local_timestamp":1717565997574,"message_id":126,"output":"self.data_dict = self.check_dataset(self.opt.data)","stderr":true},"type":"standard_output"}
{"payload":{"local_timestamp":1717565997575,"message_id":127,"output":"\n","stderr":true},"type":"standard_output"}
{"payload":{"local_timestamp":1717565997575,"message_id":128,"output":" ","stderr":true},"type":"standard_output"}
{"payload":{"local_timestamp":1717565997575,"message_id":129,"output":" ","stderr":true},"type":"standard_output"}
{"payload":{"local_timestamp":1717565997575,"message_id":130,"output":" ","stderr":true},"type":"standard_output"}
{"payload":{"local_timestamp":1717565997575,"message_id":131,"output":" ","stderr":true},"type":"standard_output"}
{"payload":{"local_timestamp":1717565997575,"message_id":132,"output":" ","stderr":true},"type":"standard_output"}
{"payload":{"local_timestamp":1717565997575,"message_id":133,"output":" ","stderr":true},"type":"standard_output"}
{"payload":{"local_timestamp":1717565997575,"message_id":134,"output":" ","stderr":true},"type":"standard_output"}
{"payload":{"local_timestamp":1717565997575,"message_id":135,"output":" ","stderr":true},"type":"standard_output"}
{"payload":{"local_timestamp":1717565997575,"message_id":136,"output":" ","stderr":true},"type":"standard_output"}
{"payload":{"local_timestamp":1717565997575,"message_id":137,"output":" ","stderr":true},"type":"standard_output"}
{"payload":{"local_timestamp":1717565997575,"message_id":138,"output":" ","stderr":true},"type":"standard_output"}
{"payload":{"local_timestamp":1717565997575,"message_id":139,"output":" ","stderr":true},"type":"standard_output"}
{"payload":{"local_timestamp":1717565997575,"message_id":140,"output":" ","stderr":true},"type":"standard_output"}
{"payload":{"local_timestamp":1717565997575,"message_id":141,"output":" ","stderr":true},"type":"standard_output"}
{"payload":{"local_timestamp":1717565997575,"message_id":142,"output":" ","stderr":true},"type":"standard_output"}
{"payload":{"local_timestamp":1717565997575,"message_id":143,"output":" ","stderr":true},"type":"standard_output"}
{"payload":{"local_timestamp":1717565997575,"message_id":144,"output":" ","stderr":true},"type":"standard_output"}
{"payload":{"local_timestamp":1717565997575,"message_id":145,"output":" ","stderr":true},"type":"standard_output"}
{"payload":{"local_timestamp":1717565997575,"message_id":146,"output":" ","stderr":true},"type":"standard_output"}
{"payload":{"local_timestamp":1717565997575,"message_id":147,"output":" ","stderr":true},"type":"standard_output"}
{"payload":{"local_timestamp":1717565997575,"message_id":148,"output":" ","stderr":true},"type":"standard_output"}
{"payload":{"local_timestamp":1717565997575,"message_id":149,"output":"^","stderr":true},"type":"standard_output"}
{"payload":{"local_timestamp":1717565997575,"message_id":150,"output":"^","stderr":true},"type":"standard_output"}
{"payload":{"local_timestamp":1717565997575,"message_id":151,"output":"^","stderr":true},"type":"standard_output"}
{"payload":{"local_timestamp":1717565997575,"message_id":152,"output":"^","stderr":true},"type":"standard_output"}
{"payload":{"local_timestamp":1717565997575,"message_id":153,"output":"^","stderr":true},"type":"standard_output"}
{"payload":{"local_timestamp":1717565997575,"message_id":154,"output":"^","stderr":true},"type":"standard_output"}
{"payload":{"local_timestamp":1717565997575,"message_id":155,"output":"^","stderr":true},"type":"standard_output"}
{"payload":{"local_timestamp":1717565997575,"message_id":156,"output":"^","stderr":true},"type":"standard_output"}
{"payload":{"local_timestamp":1717565997575,"message_id":157,"output":"^","stderr":true},"type":"standard_output"}
{"payload":{"local_timestamp":1717565997575,"message_id":158,"output":"^","stderr":true},"type":"standard_output"}
{"payload":{"local_timestamp":1717565997575,"message_id":159,"output":"^","stderr":true},"type":"standard_output"}
{"payload":{"local_timestamp":1717565997575,"message_id":160,"output":"^","stderr":true},"type":"standard_output"}
{"payload":{"local_timestamp":1717565997575,"message_id":161,"output":"^","stderr":true},"type":"standard_output"}
{"payload":{"local_timestamp":1717565997575,"message_id":162,"output":"^","stderr":true},"type":"standard_output"}
{"payload":{"local_timestamp":1717565997575,"message_id":163,"output":"^","stderr":true},"type":"standard_output"}
{"payload":{"local_timestamp":1717565997575,"message_id":164,"output":"^","stderr":true},"type":"standard_output"}
{"payload":{"local_timestamp":1717565997575,"message_id":165,"output":"^","stderr":true},"type":"standard_output"}
{"payload":{"local_timestamp":1717565997575,"message_id":166,"output":"^","stderr":true},"type":"standard_output"}
{"payload":{"local_timestamp":1717565997575,"message_id":167,"output":"^","stderr":true},"type":"standard_output"}
{"payload":{"local_timestamp":1717565997575,"message_id":168,"output":"^","stderr":true},"type":"standard_output"}
{"payload":{"local_timestamp":1717565997575,"message_id":169,"output":"^","stderr":true},"type":"standard_output"}
{"payload":{"local_timestamp":1717565997575,"message_id":170,"output":"^","stderr":true},"type":"standard_output"}
{"payload":{"local_timestamp":1717565997575,"message_id":171,"output":"^","stderr":true},"type":"standard_output"}
{"payload":{"local_timestamp":1717565997575,"message_id":172,"output":"^","stderr":true},"type":"standard_output"}
{"payload":{"local_timestamp":1717565997575,"message_id":173,"output":"^","stderr":true},"type":"standard_output"}
{"payload":{"local_timestamp":1717565997575,"message_id":174,"output":"^","stderr":true},"type":"standard_output"}
{"payload":{"local_timestamp":1717565997575,"message_id":175,"output":"^","stderr":true},"type":"standard_output"}
{"payload":{"local_timestamp":1717565997575,"message_id":176,"output":"^","stderr":true},"type":"standard_output"}
{"payload":{"local_timestamp":1717565997575,"message_id":177,"output":"^","stderr":true},"type":"standard_output"}
{"payload":{"local_timestamp":1717565997575,"message_id":178,"output":"^","stderr":true},"type":"standard_output"}
{"payload":{"local_timestamp":1717565997575,"message_id":179,"output":"^","stderr":true},"type":"standard_output"}
{"payload":{"local_timestamp":1717565997575,"message_id":180,"output":"^","stderr":true},"type":"standard_output"}
{"payload":{"local_timestamp":1717565997575,"message_id":181,"output":"^","stderr":true},"type":"standard_output"}
{"payload":{"local_timestamp":1717565997575,"message_id":182,"output":"\n","stderr":true},"type":"standard_output"}
{"payload":{"local_timestamp":1717565997576,"message_id":183,"output":"  File \"C:\\Users\\CVPR Lab\\Desktop\\METAVERSE LAB\\[LAB]Research\\PyLabs\\yolov5_cuda\\yolov5\\utils\\loggers\\comet\\__init__.py\", line 255, in check_dataset\n","stderr":true},"type":"standard_output"}
{"payload":{"local_timestamp":1717565997577,"message_id":184,"output":"    ","stderr":true},"type":"standard_output"}
{"payload":{"local_timestamp":1717565997577,"message_id":185,"output":"return check_dataset(data_file)","stderr":true},"type":"standard_output"}
{"payload":{"local_timestamp":1717565997577,"message_id":186,"output":"\n","stderr":true},"type":"standard_output"}
{"payload":{"local_timestamp":1717565997577,"message_id":187,"output":" ","stderr":true},"type":"standard_output"}
{"payload":{"local_timestamp":1717565997577,"message_id":188,"output":" ","stderr":true},"type":"standard_output"}
{"payload":{"local_timestamp":1717565997577,"message_id":189,"output":" ","stderr":true},"type":"standard_output"}
{"payload":{"local_timestamp":1717565997577,"message_id":190,"output":" ","stderr":true},"type":"standard_output"}
{"payload":{"local_timestamp":1717565997577,"message_id":191,"output":" ","stderr":true},"type":"standard_output"}
{"payload":{"local_timestamp":1717565997577,"message_id":192,"output":" ","stderr":true},"type":"standard_output"}
{"payload":{"local_timestamp":1717565997577,"message_id":193,"output":" ","stderr":true},"type":"standard_output"}
{"payload":{"local_timestamp":1717565997577,"message_id":194,"output":" ","stderr":true},"type":"standard_output"}
{"payload":{"local_timestamp":1717565997577,"message_id":195,"output":" ","stderr":true},"type":"standard_output"}
{"payload":{"local_timestamp":1717565997577,"message_id":196,"output":" ","stderr":true},"type":"standard_output"}
{"payload":{"local_timestamp":1717565997577,"message_id":197,"output":" ","stderr":true},"type":"standard_output"}
{"payload":{"local_timestamp":1717565997577,"message_id":198,"output":"^","stderr":true},"type":"standard_output"}
{"payload":{"local_timestamp":1717565997577,"message_id":199,"output":"^","stderr":true},"type":"standard_output"}
{"payload":{"local_timestamp":1717565997577,"message_id":200,"output":"^","stderr":true},"type":"standard_output"}
{"payload":{"local_timestamp":1717565997577,"message_id":201,"output":"^","stderr":true},"type":"standard_output"}
{"payload":{"local_timestamp":1717565997577,"message_id":202,"output":"^","stderr":true},"type":"standard_output"}
{"payload":{"local_timestamp":1717565997577,"message_id":203,"output":"^","stderr":true},"type":"standard_output"}
{"payload":{"local_timestamp":1717565997577,"message_id":204,"output":"^","stderr":true},"type":"standard_output"}
{"payload":{"local_timestamp":1717565997577,"message_id":205,"output":"^","stderr":true},"type":"standard_output"}
{"payload":{"local_timestamp":1717565997577,"message_id":206,"output":"^","stderr":true},"type":"standard_output"}
{"payload":{"local_timestamp":1717565997577,"message_id":207,"output":"^","stderr":true},"type":"standard_output"}
{"payload":{"local_timestamp":1717565997577,"message_id":208,"output":"^","stderr":true},"type":"standard_output"}
{"payload":{"local_timestamp":1717565997577,"message_id":209,"output":"^","stderr":true},"type":"standard_output"}
{"payload":{"local_timestamp":1717565997577,"message_id":210,"output":"^","stderr":true},"type":"standard_output"}
{"payload":{"local_timestamp":1717565997577,"message_id":211,"output":"^","stderr":true},"type":"standard_output"}
{"payload":{"local_timestamp":1717565997577,"message_id":212,"output":"^","stderr":true},"type":"standard_output"}
{"payload":{"local_timestamp":1717565997577,"message_id":213,"output":"^","stderr":true},"type":"standard_output"}
{"payload":{"local_timestamp":1717565997577,"message_id":214,"output":"^","stderr":true},"type":"standard_output"}
{"payload":{"local_timestamp":1717565997577,"message_id":215,"output":"^","stderr":true},"type":"standard_output"}
{"payload":{"local_timestamp":1717565997577,"message_id":216,"output":"^","stderr":true},"type":"standard_output"}
{"payload":{"local_timestamp":1717565997577,"message_id":217,"output":"^","stderr":true},"type":"standard_output"}
{"payload":{"local_timestamp":1717565997577,"message_id":218,"output":"^","stderr":true},"type":"standard_output"}
{"payload":{"local_timestamp":1717565997577,"message_id":219,"output":"^","stderr":true},"type":"standard_output"}
{"payload":{"local_timestamp":1717565997577,"message_id":220,"output":"^","stderr":true},"type":"standard_output"}
{"payload":{"local_timestamp":1717565997577,"message_id":221,"output":"^","stderr":true},"type":"standard_output"}
{"payload":{"local_timestamp":1717565997578,"message_id":222,"output":"\n","stderr":true},"type":"standard_output"}
{"payload":{"local_timestamp":1717565997578,"message_id":223,"output":"  File \"C:\\Users\\CVPR Lab\\Desktop\\METAVERSE LAB\\[LAB]Research\\PyLabs\\yolov5_cuda\\yolov5\\utils\\general.py\", line 563, in check_dataset\n","stderr":true},"type":"standard_output"}
{"payload":{"local_timestamp":1717565997580,"message_id":224,"output":"    ","stderr":true},"type":"standard_output"}
{"payload":{"local_timestamp":1717565997580,"message_id":225,"output":"raise Exception(\"Dataset not found \u274c\")","stderr":true},"type":"standard_output"}
{"payload":{"local_timestamp":1717565997580,"message_id":226,"output":"\n","stderr":true},"type":"standard_output"}
{"payload":{"local_timestamp":1717565997580,"message_id":227,"output":"Exception","stderr":true},"type":"standard_output"}
{"payload":{"local_timestamp":1717565997580,"message_id":228,"output":": ","stderr":true},"type":"standard_output"}
{"payload":{"local_timestamp":1717565997580,"message_id":229,"output":"Dataset not found \u274c","stderr":true},"type":"standard_output"}
{"payload":{"local_timestamp":1717565997580,"message_id":230,"output":"\n","stderr":true},"type":"standard_output"}
{"payload":{"git_metadata":{"branch":"refs/heads/master","origin":"https://github.com/ultralytics/yolov5.git","parent":"c0380fd85549c8b315bb1fb2f423f9297e9744ec","repo_name":"yolov5","root":"1e84a23f38fad9e52b59101e9f1246d93066ed1e","status":null,"user":"TF-polygon"},"message_id":231},"type":"git_metadata"}
{"payload":{"local_timestamp":1717565997875,"message_id":232,"output":"COMET WARNING: Unknown error exporting current conda environment\n","stderr":true},"type":"standard_output"}
{"payload":{"local_timestamp":1717565997877,"message_id":233,"output":"COMET WARNING: Unknown error retrieving Conda package as an explicit file\n","stderr":true},"type":"standard_output"}
{"payload":{"local_timestamp":1717565997879,"message_id":234,"output":"COMET WARNING: Unknown error retrieving Conda information\n","stderr":true},"type":"standard_output"}
{"payload":{"local_timestamp":1717565997880,"message_id":235,"output":"COMET INFO: ---------------------------------------------------------------------------------------\n","stderr":true},"type":"standard_output"}
{"payload":{"local_timestamp":1717565997881,"message_id":236,"output":"COMET INFO: Comet.ml OfflineExperiment Summary\n","stderr":true},"type":"standard_output"}
{"payload":{"local_timestamp":1717565997881,"message_id":237,"output":"COMET INFO: ---------------------------------------------------------------------------------------\n","stderr":true},"type":"standard_output"}
{"payload":{"local_timestamp":1717565997882,"message_id":238,"output":"COMET INFO:   Data:\n","stderr":true},"type":"standard_output"}
{"payload":{"local_timestamp":1717565997882,"message_id":239,"output":"COMET INFO:     display_summary_level : 1\n","stderr":true},"type":"standard_output"}
{"payload":{"local_timestamp":1717565997883,"message_id":240,"output":"COMET INFO:     name                  : exp\n","stderr":true},"type":"standard_output"}
{"payload":{"local_timestamp":1717565997883,"message_id":241,"output":"COMET INFO:     url                   : [OfflineExperiment will get URL after upload]\n","stderr":true},"type":"standard_output"}
{"payload":{"local_timestamp":1717565997884,"message_id":242,"output":"COMET INFO:   Others:\n","stderr":true},"type":"standard_output"}
{"payload":{"local_timestamp":1717565997884,"message_id":243,"output":"COMET INFO:     Name               : exp\n","stderr":true},"type":"standard_output"}
{"payload":{"local_timestamp":1717565997885,"message_id":244,"output":"COMET INFO:     offline_experiment : True\n","stderr":true},"type":"standard_output"}
{"payload":{"local_timestamp":1717565997888,"message_id":245,"output":"COMET INFO:   Uploads:\n","stderr":true},"type":"standard_output"}
{"payload":{"local_timestamp":1717565997888,"message_id":246,"output":"COMET INFO:     asset               : 1 (190 bytes)\n","stderr":true},"type":"standard_output"}
{"payload":{"local_timestamp":1717565997889,"message_id":247,"output":"COMET INFO:     environment details : 1\n","stderr":true},"type":"standard_output"}
{"payload":{"local_timestamp":1717565997889,"message_id":248,"output":"COMET INFO:     git metadata        : 1\n","stderr":true},"type":"standard_output"}
{"payload":{"local_timestamp":1717565997889,"message_id":249,"output":"COMET INFO:     installed packages  : 1\n","stderr":true},"type":"standard_output"}
{"payload":{"local_timestamp":1717565997890,"message_id":250,"output":"COMET INFO: \n","stderr":true},"type":"standard_output"}
