{"offline_id": "e8baabb3c0bd43e0a59fb3acdcbe76d6", "project_name": "yolov5", "start_time": 1717585810445, "stop_time": 1717585818244, "tags": [], "workspace": null, "resume_strategy": "create", "customer_error_reported": true, "customer_error_message": "Unexpected error detected in the user script: Exception(\"\\x1b[34m\\x1b[1mtrain: \\x1b[0mError loading data from C:\\\\Users\\\\CVPR Lab\\\\Desktop\\\\METAVERSE LAB\\\\[LAB]Research\\\\PyLabs\\\\yolov5_cuda\\\\yolov5\\\\data\\\\images\\\\train.txt: 'WindowsPath' object has no attribute 'split'\\nSee https://docs.ultralytics.com/yolov5/tutorials/train_custom_data\")", "user_provided_experiment_key": false, "comet_start_sourced": false}