{"offline_id": "94da03ec76664a3f95bbe4945304be2f", "project_name": "yolov5", "start_time": 1717737345267, "stop_time": 1717737353099, "tags": [], "workspace": null, "resume_strategy": "create", "customer_error_reported": true, "customer_error_message": "Unexpected error detected in the user script: Exception(\"\\x1b[34m\\x1b[1mtrain: \\x1b[0mError loading data from C:\\\\Users\\\\CVPR Lab\\\\Desktop\\\\METAVERSE LAB\\\\[LAB]Research\\\\PyLabs\\\\yolov5_cuda\\\\yolov5\\\\data\\\\train.txt: 'WindowsPath' object has no attribute 'split'\\nSee https://docs.ultralytics.com/yolov5/tutorials/train_custom_data\")", "user_provided_experiment_key": false, "comet_start_sourced": false}