{"offline_id": "729e6322e0a6434a9109a8b5832bf1de", "project_name": "yolov5", "start_time": 1717568237960, "stop_time": 1717568242951, "tags": [], "workspace": null, "resume_strategy": "create", "customer_error_reported": true, "customer_error_message": "Unexpected error detected in the user script: Exception('\\x1b[34m\\x1b[1mtrain: \\x1b[0mError loading data from C:\\\\Users\\\\CVPR Lab\\\\Desktop\\\\METAVERSE LAB\\\\[LAB]Research\\\\PyLabs\\\\yolov5_cuda\\\\yolov5\\\\dataset\\\\train\\\\images: \\x1b[34m\\x1b[1mtrain: \\x1b[0mNo images found\\nSee https://docs.ultralytics.com/yolov5/tutorials/train_custom_data')", "user_provided_experiment_key": false, "comet_start_sourced": false}