{"payload":{"installed_packages":["absl-py==2.1.0","anyio==4.3.0","anyio==4.4.0","argon2-cffi==23.1.0","argon2-cffi-bindings==21.2.0","arrow==1.3.0","asttokens==2.4.1","astunparse==1.6.3","async-lru==2.0.4","attrs==23.2.0","babel==2.14.0","babel==2.15.0","beautifulsoup4==4.12.3","bleach==6.1.0","brotli==1.0.9","cached-property==1.5.2","certifi==2024.2.2","certifi==2024.6.2","cffi==1.16.0","charset-normalizer==3.3.2","colorama==0.4.6","comet-ml==3.43.0","comm==0.2.2","configobj==5.0.8","contourpy==1.2.1","cycler==0.12.1","debugpy==1.6.7","debugpy==1.8.1","decorator==5.1.1","defusedxml==0.7.1","dulwich==0.22.1","entrypoints==0.4","everett==3.1.0","exceptiongroup==1.2.0","executing==2.0.1","fastjsonschema==2.19.1","filelock==3.14.0","flatbuffers==24.3.25","fonttools==4.53.0","fqdn==1.5.1","fsspec==2024.6.0","gast==0.5.4","gitdb==4.0.11","gitpython==3.1.43","google-pasta==0.2.0","grpcio==1.64.1","h11==0.14.0","h2==4.1.0","h5py==3.11.0","hpack==4.0.0","httpcore==1.0.5","httpx==0.27.0","hyperframe==6.0.1","idna==3.7","importlib_metadata==7.1.0","importlib_resources==6.4.0","intel-openmp==2021.4.0","ipykernel==6.29.3","ipython==8.25.0","ipywidgets==8.1.3","isoduration==20.11.0","jedi==0.19.1","jinja2==3.1.4","json5==0.9.25","jsonpointer==2.0","jsonpointer==2.4","jsonschema==4.22.0","jsonschema-specifications==2023.12.1","jupyter==1.0.0","jupyter-console==6.6.3","jupyter-events==0.10.0","jupyter-lsp==2.2.5","jupyter_client==7.4.9","jupyter_client==8.6.2","jupyter_core==5.5.0","jupyter_core==5.7.2","jupyter_server==2.14.1","jupyter_server_terminals==0.5.3","jupyterlab==4.2.1","jupyterlab_pygments==0.3.0","jupyterlab_server==2.27.2","jupyterlab_widgets==3.0.11","keras==3.3.3","kiwisolver==1.4.5","libclang==18.1.1","markdown==3.6","markdown-it-py==3.0.0","markupsafe==2.1.3","markupsafe==2.1.5","matplotlib==3.9.0","matplotlib-inline==0.1.7","mdurl==0.1.2","mistune==3.0.2","mkl==2021.4.0","ml-dtypes==0.3.2","mpmath==1.3.0","namex==0.0.8","nbclient==0.10.0","nbconvert==7.16.4","nbformat==5.10.4","nest-asyncio==1.6.0","networkx==3.3","notebook==7.2.0","notebook_shim==0.2.4","numpy==1.26.4","opencv-python==4.10.0.82","opt-einsum==3.3.0","optree==0.11.0","overrides==7.7.0","packaging==24.0","pandas==2.2.2","pandocfilters==1.5.0","pandocfilters==1.5.1","parso==0.8.4","pickleshare==0.7.5","pillow==10.3.0","pip==24.0","pkgutil_resolve_name==1.3.10","platformdirs==4.2.2","prometheus_client==0.20.0","prompt-toolkit==3.0.42","prompt_toolkit==3.0.46","protobuf==4.25.3","psutil==5.9.0","psutil==5.9.8","pure-eval==0.2.2","py-cpuinfo==9.0.0","pycparser==2.22","pygments==2.18.0","pyparsing==3.1.2","pysocks==1.7.1","python-box==6.1.0","python-dateutil==2.9.0","python-dateutil==2.9.0.post0","python-json-logger==2.0.7","pytz==2024.1","pywin32==305.1","pywin32==306","pywinpty==2.0.10","pywinpty==2.0.13","pyyaml==6.0.1","pyzmq==24.0.1","pyzmq==26.0.3","qtconsole==5.5.2","qtpy==2.4.1","referencing==0.35.1","requests==2.32.3","requests-toolbelt==1.0.0","rfc3339-validator==0.1.4","rfc3986-validator==0.1.1","rich==13.7.1","rpds-py==0.10.6","rpds-py==0.18.1","scipy==1.13.1","seaborn==0.13.2","semantic-version==2.10.0","send2trash==1.8.3","sentry-sdk==2.4.0","setuptools==69.5.1","simplejson==3.19.2","six==1.16.0","smmap==5.0.1","sniffio==1.3.1","soupsieve==2.5","stack-data==0.6.2","stack-data==0.6.3","sympy==1.12.1","tbb==2021.12.0","tensorboard==2.16.2","tensorboard-data-server==0.7.2","tensorflow==2.16.1","tensorflow-intel==2.16.1","termcolor==2.4.0","terminado==0.18.1","thop==0.1.1-2209072238","tinycss2==1.3.0","tomli==2.0.1","torch==2.3.1+cu118","torchaudio==2.3.1+cu118","torchvision==0.18.1+cu118","tornado==6.3.3","tornado==6.4","tqdm==4.66.4","traitlets==5.14.3","types-python-dateutil==2.9.0.20240316","typing-utils==0.1.0","typing_extensions==4.12.1","tzdata==2024.1","ultralytics==8.2.28","ultralytics-thop==0.2.7","uri-template==1.3.0","urllib3==2.2.1","wcwidth==0.2.13","webcolors==1.13","webencodings==0.5.1","websocket-client==1.8.0","werkzeug==3.0.3","wheel==0.43.0","widgetsnbextension==4.0.11","win-inet-pton==1.1.0","wrapt==1.16.0","wurlitzer==3.1.0","zipp==3.17.0"],"message_id":1},"type":"installed_packages"}
{"payload":{"command":["train.py","--img","640","--batch","16","--epochs","30","--data","data/data.yaml","--cfg","models/yolov5n.yaml","--weights","weights/yolov5n.pt"],"env":null,"hostname":"DESKTOP-MQFT83I","ip":"223.195.38.136","machine":"AMD64","message_id":2,"os":"Windows-10-10.0.19045-SP0","os_release":"10","os_type":"Windows","pid":16844,"processor":"Intel64 Family 6 Model 158 Stepping 10, GenuineIntel","python_exe":"C:\\Users\\CVPR Lab\\.conda\\envs\\cvprlab\\python.exe","python_version":"3.12.3","python_version_verbose":"3.12.3 | packaged by Anaconda, Inc. | (main, May  6 2024, 19:42:21) [MSC v.1916 64 bit (AMD64)]","user":"CVPR_Lab"},"type":"system_details"}
{"payload":{"gpu_static_info":[{"gpu_index":0,"name":"NVIDIA GeForce RTX 2070 SUPER","power_limit":215000,"total_memory":8589934592,"uuid":"GPU-9ddc00e7-df11-cfe9-8adf-d5a1f2e4d57d"}],"message_id":3},"type":"gpu_static_info"}
{"payload":{"local_timestamp":1717566048167,"message_id":4,"metric":{"epoch":null,"metricName":"sys.gpu.0.total_memory","metricValue":8589934592,"step":null}},"type":"metric_msg"}
{"payload":{"local_timestamp":1717566048168,"message_id":5,"param":{"paramName":"img","paramValue":640,"source":"cli","step":null}},"type":"parameter_msg"}
{"payload":{"local_timestamp":1717566048168,"message_id":6,"param":{"paramName":"batch","paramValue":16,"source":"cli","step":null}},"type":"parameter_msg"}
{"payload":{"local_timestamp":1717566048168,"message_id":7,"param":{"paramName":"epochs","paramValue":30,"source":"cli","step":null}},"type":"parameter_msg"}
{"payload":{"local_timestamp":1717566048168,"message_id":8,"param":{"paramName":"data","paramValue":"data/data.yaml","source":"cli","step":null}},"type":"parameter_msg"}
{"payload":{"local_timestamp":1717566048168,"message_id":9,"param":{"paramName":"cfg","paramValue":"models/yolov5n.yaml","source":"cli","step":null}},"type":"parameter_msg"}
{"payload":{"local_timestamp":1717566048168,"message_id":10,"param":{"paramName":"weights","paramValue":"weights/yolov5n.pt","source":"cli","step":null}},"type":"parameter_msg"}
{"payload":{"key":"offline_experiment","message_id":11,"value":true},"type":"log_other"}
{"payload":{"key":"Name","message_id":12,"value":"exp"},"type":"log_other"}
{"payload":{"local_timestamp":1717566048174,"message_id":13,"metric":{"epoch":null,"metricName":"sys.gpu.0.gpu_utilization","metricValue":0,"step":null}},"type":"metric_msg"}
{"payload":{"local_timestamp":1717566048174,"message_id":14,"metric":{"epoch":null,"metricName":"sys.gpu.0.power_usage","metricValue":32994,"step":null}},"type":"metric_msg"}
{"payload":{"local_timestamp":1717566048174,"message_id":15,"metric":{"epoch":null,"metricName":"sys.gpu.0.temperature","metricValue":40,"step":null}},"type":"metric_msg"}
{"payload":{"local_timestamp":1717566048174,"message_id":16,"metric":{"epoch":null,"metricName":"sys.gpu.0.memory_utilization","metricValue":1,"step":null}},"type":"metric_msg"}
{"payload":{"local_timestamp":1717566048174,"message_id":17,"metric":{"epoch":null,"metricName":"sys.gpu.0.free_memory","metricValue":5745287168,"step":null}},"type":"metric_msg"}
{"payload":{"local_timestamp":1717566048174,"message_id":18,"metric":{"epoch":null,"metricName":"sys.gpu.0.used_memory","metricValue":2844647424,"step":null}},"type":"metric_msg"}
{"payload":{"local_timestamp":1717566048174,"message_id":19,"metric":{"epoch":null,"metricName":"sys.gpu.0.percent.used_memory","metricValue":33.11605453491211,"step":null}},"type":"metric_msg"}
{"payload":{"additional_params":{"assetId":"8c1ee705cb0e49b399e53530ab267703","context":null,"extension":"yaml","fileName":"data.yaml","overwrite":false,"runId":null,"step":null},"clean":true,"file_path":"tmprl0jmitv","local_timestamp":1717566048181,"message_id":20,"metadata":{"type":"data-config-file"},"upload_type":"asset"},"type":"file_upload"}
{"payload":{"key":"Created from","message_id":21,"value":"YOLOv5"},"type":"log_other"}
{"payload":{"key":"hasNestedParams","message_id":22,"value":true},"type":"log_other"}
{"payload":{"local_timestamp":1717566048190,"message_id":23,"param":{"paramName":"artifact_alias","paramValue":"latest","source":"manual","step":null}},"type":"parameter_msg"}
{"payload":{"local_timestamp":1717566048190,"message_id":24,"param":{"paramName":"batch_size","paramValue":16,"source":"manual","step":null}},"type":"parameter_msg"}
{"payload":{"local_timestamp":1717566048190,"message_id":25,"param":{"paramName":"bbox_interval","paramValue":-1,"source":"manual","step":null}},"type":"parameter_msg"}
{"payload":{"local_timestamp":1717566048190,"message_id":26,"param":{"paramName":"bucket","paramValue":"","source":"manual","step":null}},"type":"parameter_msg"}
{"payload":{"local_timestamp":1717566048190,"message_id":27,"param":{"paramName":"cache","paramValue":null,"source":"manual","step":null}},"type":"parameter_msg"}
{"payload":{"local_timestamp":1717566048190,"message_id":28,"param":{"paramName":"cos_lr","paramValue":false,"source":"manual","step":null}},"type":"parameter_msg"}
{"payload":{"local_timestamp":1717566048190,"message_id":29,"param":{"paramName":"device","paramValue":"","source":"manual","step":null}},"type":"parameter_msg"}
{"payload":{"local_timestamp":1717566048190,"message_id":30,"param":{"paramName":"entity","paramValue":null,"source":"manual","step":null}},"type":"parameter_msg"}
{"payload":{"local_timestamp":1717566048190,"message_id":31,"param":{"paramName":"evolve","paramValue":null,"source":"manual","step":null}},"type":"parameter_msg"}
{"payload":{"local_timestamp":1717566048190,"message_id":32,"param":{"paramName":"evolve_population","paramValue":"data\\hyps","source":"manual","step":null}},"type":"parameter_msg"}
{"payload":{"local_timestamp":1717566048190,"message_id":33,"param":{"paramName":"exist_ok","paramValue":false,"source":"manual","step":null}},"type":"parameter_msg"}
{"payload":{"local_timestamp":1717566048190,"message_id":34,"params":{"paramName":"freeze","paramValue":[0],"source":"manual","step":null}},"type":"parameter_msg"}
{"payload":{"local_timestamp":1717566048190,"message_id":35,"param":{"paramName":"hyp|anchor_t","paramValue":4.0,"source":"manual","step":null}},"type":"parameter_msg"}
{"payload":{"local_timestamp":1717566048190,"message_id":36,"param":{"paramName":"hyp|box","paramValue":0.05,"source":"manual","step":null}},"type":"parameter_msg"}
{"payload":{"local_timestamp":1717566048191,"message_id":37,"param":{"paramName":"hyp|cls","paramValue":0.5,"source":"manual","step":null}},"type":"parameter_msg"}
{"payload":{"local_timestamp":1717566048191,"message_id":38,"param":{"paramName":"hyp|cls_pw","paramValue":1.0,"source":"manual","step":null}},"type":"parameter_msg"}
{"payload":{"local_timestamp":1717566048191,"message_id":39,"param":{"paramName":"hyp|copy_paste","paramValue":0.0,"source":"manual","step":null}},"type":"parameter_msg"}
{"payload":{"local_timestamp":1717566048191,"message_id":40,"param":{"paramName":"hyp|degrees","paramValue":0.0,"source":"manual","step":null}},"type":"parameter_msg"}
{"payload":{"local_timestamp":1717566048191,"message_id":41,"param":{"paramName":"hyp|fl_gamma","paramValue":0.0,"source":"manual","step":null}},"type":"parameter_msg"}
{"payload":{"local_timestamp":1717566048191,"message_id":42,"param":{"paramName":"hyp|fliplr","paramValue":0.5,"source":"manual","step":null}},"type":"parameter_msg"}
{"payload":{"local_timestamp":1717566048191,"message_id":43,"param":{"paramName":"hyp|flipud","paramValue":0.0,"source":"manual","step":null}},"type":"parameter_msg"}
{"payload":{"local_timestamp":1717566048191,"message_id":44,"param":{"paramName":"hyp|hsv_h","paramValue":0.015,"source":"manual","step":null}},"type":"parameter_msg"}
{"payload":{"local_timestamp":1717566048191,"message_id":45,"param":{"paramName":"hyp|hsv_s","paramValue":0.7,"source":"manual","step":null}},"type":"parameter_msg"}
{"payload":{"local_timestamp":1717566048191,"message_id":46,"param":{"paramName":"hyp|hsv_v","paramValue":0.4,"source":"manual","step":null}},"type":"parameter_msg"}
{"payload":{"local_timestamp":1717566048191,"message_id":47,"param":{"paramName":"hyp|iou_t","paramValue":0.2,"source":"manual","step":null}},"type":"parameter_msg"}
{"payload":{"local_timestamp":1717566048191,"message_id":48,"param":{"paramName":"hyp|lr0","paramValue":0.01,"source":"manual","step":null}},"type":"parameter_msg"}
{"payload":{"local_timestamp":1717566048191,"message_id":49,"param":{"paramName":"hyp|lrf","paramValue":0.01,"source":"manual","step":null}},"type":"parameter_msg"}
{"payload":{"local_timestamp":1717566048191,"message_id":50,"param":{"paramName":"hyp|mixup","paramValue":0.0,"source":"manual","step":null}},"type":"parameter_msg"}
{"payload":{"local_timestamp":1717566048191,"message_id":51,"param":{"paramName":"hyp|momentum","paramValue":0.937,"source":"manual","step":null}},"type":"parameter_msg"}
{"payload":{"local_timestamp":1717566048191,"message_id":52,"param":{"paramName":"hyp|mosaic","paramValue":1.0,"source":"manual","step":null}},"type":"parameter_msg"}
{"payload":{"local_timestamp":1717566048191,"message_id":53,"param":{"paramName":"hyp|obj","paramValue":1.0,"source":"manual","step":null}},"type":"parameter_msg"}
{"payload":{"local_timestamp":1717566048191,"message_id":54,"param":{"paramName":"hyp|obj_pw","paramValue":1.0,"source":"manual","step":null}},"type":"parameter_msg"}
{"payload":{"local_timestamp":1717566048191,"message_id":55,"param":{"paramName":"hyp|perspective","paramValue":0.0,"source":"manual","step":null}},"type":"parameter_msg"}
{"payload":{"local_timestamp":1717566048191,"message_id":56,"param":{"paramName":"hyp|scale","paramValue":0.5,"source":"manual","step":null}},"type":"parameter_msg"}
{"payload":{"local_timestamp":1717566048191,"message_id":57,"param":{"paramName":"hyp|shear","paramValue":0.0,"source":"manual","step":null}},"type":"parameter_msg"}
{"payload":{"local_timestamp":1717566048191,"message_id":58,"param":{"paramName":"hyp|translate","paramValue":0.1,"source":"manual","step":null}},"type":"parameter_msg"}
{"payload":{"local_timestamp":1717566048191,"message_id":59,"param":{"paramName":"hyp|warmup_bias_lr","paramValue":0.1,"source":"manual","step":null}},"type":"parameter_msg"}
{"payload":{"local_timestamp":1717566048191,"message_id":60,"param":{"paramName":"hyp|warmup_epochs","paramValue":3.0,"source":"manual","step":null}},"type":"parameter_msg"}
{"payload":{"local_timestamp":1717566048191,"message_id":61,"param":{"paramName":"hyp|warmup_momentum","paramValue":0.8,"source":"manual","step":null}},"type":"parameter_msg"}
{"payload":{"local_timestamp":1717566048191,"message_id":62,"param":{"paramName":"hyp|weight_decay","paramValue":0.0005,"source":"manual","step":null}},"type":"parameter_msg"}
{"payload":{"local_timestamp":1717566048191,"message_id":63,"param":{"paramName":"image_weights","paramValue":false,"source":"manual","step":null}},"type":"parameter_msg"}
{"payload":{"local_timestamp":1717566048191,"message_id":64,"param":{"paramName":"imgsz","paramValue":640,"source":"manual","step":null}},"type":"parameter_msg"}
{"payload":{"local_timestamp":1717566048191,"message_id":65,"param":{"paramName":"label_smoothing","paramValue":0.0,"source":"manual","step":null}},"type":"parameter_msg"}
{"payload":{"local_timestamp":1717566048191,"message_id":66,"param":{"paramName":"local_rank","paramValue":-1,"source":"manual","step":null}},"type":"parameter_msg"}
{"payload":{"local_timestamp":1717566048191,"message_id":67,"param":{"paramName":"multi_scale","paramValue":false,"source":"manual","step":null}},"type":"parameter_msg"}
{"payload":{"local_timestamp":1717566048191,"message_id":68,"param":{"paramName":"name","paramValue":"exp","source":"manual","step":null}},"type":"parameter_msg"}
{"payload":{"local_timestamp":1717566048191,"message_id":69,"param":{"paramName":"ndjson_console","paramValue":false,"source":"manual","step":null}},"type":"parameter_msg"}
{"payload":{"local_timestamp":1717566048191,"message_id":70,"param":{"paramName":"ndjson_file","paramValue":false,"source":"manual","step":null}},"type":"parameter_msg"}
{"payload":{"local_timestamp":1717566048191,"message_id":71,"param":{"paramName":"noautoanchor","paramValue":false,"source":"manual","step":null}},"type":"parameter_msg"}
{"payload":{"local_timestamp":1717566048191,"message_id":72,"param":{"paramName":"noplots","paramValue":false,"source":"manual","step":null}},"type":"parameter_msg"}
{"payload":{"local_timestamp":1717566048191,"message_id":73,"param":{"paramName":"nosave","paramValue":false,"source":"manual","step":null}},"type":"parameter_msg"}
{"payload":{"local_timestamp":1717566048191,"message_id":74,"param":{"paramName":"noval","paramValue":false,"source":"manual","step":null}},"type":"parameter_msg"}
{"payload":{"local_timestamp":1717566048191,"message_id":75,"param":{"paramName":"optimizer","paramValue":"SGD","source":"manual","step":null}},"type":"parameter_msg"}
{"payload":{"local_timestamp":1717566048191,"message_id":76,"param":{"paramName":"patience","paramValue":100,"source":"manual","step":null}},"type":"parameter_msg"}
{"payload":{"local_timestamp":1717566048191,"message_id":77,"param":{"paramName":"project","paramValue":"runs\\train","source":"manual","step":null}},"type":"parameter_msg"}
{"payload":{"local_timestamp":1717566048191,"message_id":78,"param":{"paramName":"quad","paramValue":false,"source":"manual","step":null}},"type":"parameter_msg"}
{"payload":{"local_timestamp":1717566048191,"message_id":79,"param":{"paramName":"rect","paramValue":false,"source":"manual","step":null}},"type":"parameter_msg"}
{"payload":{"local_timestamp":1717566048191,"message_id":80,"param":{"paramName":"resume","paramValue":false,"source":"manual","step":null}},"type":"parameter_msg"}
{"payload":{"local_timestamp":1717566048191,"message_id":81,"param":{"paramName":"resume_evolve","paramValue":null,"source":"manual","step":null}},"type":"parameter_msg"}
{"payload":{"local_timestamp":1717566048191,"message_id":82,"param":{"paramName":"save_dir","paramValue":"runs\\train\\exp2","source":"manual","step":null}},"type":"parameter_msg"}
{"payload":{"local_timestamp":1717566048191,"message_id":83,"param":{"paramName":"save_period","paramValue":-1,"source":"manual","step":null}},"type":"parameter_msg"}
{"payload":{"local_timestamp":1717566048191,"message_id":84,"param":{"paramName":"seed","paramValue":0,"source":"manual","step":null}},"type":"parameter_msg"}
{"payload":{"local_timestamp":1717566048191,"message_id":85,"param":{"paramName":"single_cls","paramValue":false,"source":"manual","step":null}},"type":"parameter_msg"}
{"payload":{"local_timestamp":1717566048191,"message_id":86,"param":{"paramName":"sync_bn","paramValue":false,"source":"manual","step":null}},"type":"parameter_msg"}
{"payload":{"local_timestamp":1717566048191,"message_id":87,"param":{"paramName":"upload_dataset","paramValue":false,"source":"manual","step":null}},"type":"parameter_msg"}
{"payload":{"local_timestamp":1717566048191,"message_id":88,"param":{"paramName":"workers","paramValue":8,"source":"manual","step":null}},"type":"parameter_msg"}
{"payload":{"local_timestamp":1717566048191,"message_id":89,"param":{"paramName":"anchor_t","paramValue":4.0,"source":"manual","step":null}},"type":"parameter_msg"}
{"payload":{"local_timestamp":1717566048191,"message_id":90,"param":{"paramName":"box","paramValue":0.05,"source":"manual","step":null}},"type":"parameter_msg"}
{"payload":{"local_timestamp":1717566048191,"message_id":91,"param":{"paramName":"cls","paramValue":0.5,"source":"manual","step":null}},"type":"parameter_msg"}
{"payload":{"local_timestamp":1717566048191,"message_id":92,"param":{"paramName":"cls_pw","paramValue":1.0,"source":"manual","step":null}},"type":"parameter_msg"}
{"payload":{"local_timestamp":1717566048191,"message_id":93,"param":{"paramName":"copy_paste","paramValue":0.0,"source":"manual","step":null}},"type":"parameter_msg"}
{"payload":{"local_timestamp":1717566048191,"message_id":94,"param":{"paramName":"degrees","paramValue":0.0,"source":"manual","step":null}},"type":"parameter_msg"}
{"payload":{"local_timestamp":1717566048191,"message_id":95,"param":{"paramName":"fl_gamma","paramValue":0.0,"source":"manual","step":null}},"type":"parameter_msg"}
{"payload":{"local_timestamp":1717566048191,"message_id":96,"param":{"paramName":"fliplr","paramValue":0.5,"source":"manual","step":null}},"type":"parameter_msg"}
{"payload":{"local_timestamp":1717566048191,"message_id":97,"param":{"paramName":"flipud","paramValue":0.0,"source":"manual","step":null}},"type":"parameter_msg"}
{"payload":{"local_timestamp":1717566048192,"message_id":98,"param":{"paramName":"hsv_h","paramValue":0.015,"source":"manual","step":null}},"type":"parameter_msg"}
{"payload":{"local_timestamp":1717566048192,"message_id":99,"param":{"paramName":"hsv_s","paramValue":0.7,"source":"manual","step":null}},"type":"parameter_msg"}
{"payload":{"local_timestamp":1717566048192,"message_id":100,"param":{"paramName":"hsv_v","paramValue":0.4,"source":"manual","step":null}},"type":"parameter_msg"}
{"payload":{"local_timestamp":1717566048192,"message_id":101,"param":{"paramName":"iou_t","paramValue":0.2,"source":"manual","step":null}},"type":"parameter_msg"}
{"payload":{"local_timestamp":1717566048192,"message_id":102,"param":{"paramName":"lr0","paramValue":0.01,"source":"manual","step":null}},"type":"parameter_msg"}
{"payload":{"local_timestamp":1717566048192,"message_id":103,"param":{"paramName":"lrf","paramValue":0.01,"source":"manual","step":null}},"type":"parameter_msg"}
{"payload":{"local_timestamp":1717566048192,"message_id":104,"param":{"paramName":"mixup","paramValue":0.0,"source":"manual","step":null}},"type":"parameter_msg"}
{"payload":{"local_timestamp":1717566048192,"message_id":105,"param":{"paramName":"momentum","paramValue":0.937,"source":"manual","step":null}},"type":"parameter_msg"}
{"payload":{"local_timestamp":1717566048192,"message_id":106,"param":{"paramName":"mosaic","paramValue":1.0,"source":"manual","step":null}},"type":"parameter_msg"}
{"payload":{"local_timestamp":1717566048192,"message_id":107,"param":{"paramName":"obj","paramValue":1.0,"source":"manual","step":null}},"type":"parameter_msg"}
{"payload":{"local_timestamp":1717566048192,"message_id":108,"param":{"paramName":"obj_pw","paramValue":1.0,"source":"manual","step":null}},"type":"parameter_msg"}
{"payload":{"local_timestamp":1717566048192,"message_id":109,"param":{"paramName":"perspective","paramValue":0.0,"source":"manual","step":null}},"type":"parameter_msg"}
{"payload":{"local_timestamp":1717566048192,"message_id":110,"param":{"paramName":"scale","paramValue":0.5,"source":"manual","step":null}},"type":"parameter_msg"}
{"payload":{"local_timestamp":1717566048192,"message_id":111,"param":{"paramName":"shear","paramValue":0.0,"source":"manual","step":null}},"type":"parameter_msg"}
{"payload":{"local_timestamp":1717566048192,"message_id":112,"param":{"paramName":"translate","paramValue":0.1,"source":"manual","step":null}},"type":"parameter_msg"}
{"payload":{"local_timestamp":1717566048192,"message_id":113,"param":{"paramName":"warmup_bias_lr","paramValue":0.1,"source":"manual","step":null}},"type":"parameter_msg"}
{"payload":{"local_timestamp":1717566048192,"message_id":114,"param":{"paramName":"warmup_epochs","paramValue":3.0,"source":"manual","step":null}},"type":"parameter_msg"}
{"payload":{"local_timestamp":1717566048192,"message_id":115,"param":{"paramName":"warmup_momentum","paramValue":0.8,"source":"manual","step":null}},"type":"parameter_msg"}
{"payload":{"local_timestamp":1717566048192,"message_id":116,"param":{"paramName":"weight_decay","paramValue":0.0005,"source":"manual","step":null}},"type":"parameter_msg"}
{"payload":{"additional_params":{"assetId":"0bff925806c341eaa2df39c412eb6fe8","context":null,"epoch":null,"extension":"json","fileName":"hyperparameters.json","overwrite":false,"runId":null,"step":null},"clean":true,"file_path":"tmpdn0uwwlp","local_timestamp":1717566048203,"message_id":117,"metadata":{"type":"hyp-config-file"},"upload_type":"asset"},"type":"file_upload"}
{"payload":{"additional_params":{"assetId":"b20bdb6671b34104aca80f838eecb545","context":null,"extension":"yaml","fileName":"opt.yaml","overwrite":false,"runId":null,"step":null},"clean":true,"file_path":"tmpfx261mbs","local_timestamp":1717566048203,"message_id":118,"metadata":{"type":"opt-config-file"},"upload_type":"asset"},"type":"file_upload"}
{"payload":{"local_timestamp":1717566048203,"message_id":119,"param":{"paramName":"val_conf_threshold","paramValue":0.001,"source":"manual","step":null}},"type":"parameter_msg"}
{"payload":{"local_timestamp":1717566048203,"message_id":120,"param":{"paramName":"val_iou_threshold","paramValue":0.6,"source":"manual","step":null}},"type":"parameter_msg"}
{"payload":{"key":"comet_mode","message_id":121,"value":"online"},"type":"log_other"}
{"payload":{"key":"comet_max_image_uploads","message_id":122,"value":100},"type":"log_other"}
{"payload":{"key":"comet_log_per_class_metrics","message_id":123,"value":false},"type":"log_other"}
{"payload":{"key":"comet_log_batch_metrics","message_id":124,"value":false},"type":"log_other"}
{"payload":{"key":"comet_log_confusion_matrix","message_id":125,"value":true},"type":"log_other"}
{"payload":{"key":"comet_model_name","message_id":126,"value":"yolov5"},"type":"log_other"}
{"payload":{"local_timestamp":1717566048424,"message_id":127,"metric":{"epoch":null,"metricName":"sys.cpu.percent.avg","metricValue":6.791666666666667,"step":null}},"type":"metric_msg"}
{"payload":{"local_timestamp":1717566048424,"message_id":128,"metric":{"epoch":null,"metricName":"sys.ram.total","metricValue":17094189056,"step":null}},"type":"metric_msg"}
{"payload":{"local_timestamp":1717566048424,"message_id":129,"metric":{"epoch":null,"metricName":"sys.ram.used","metricValue":8040738816,"step":null}},"type":"metric_msg"}
{"payload":{"local_timestamp":1717566048424,"message_id":130,"metric":{"epoch":null,"metricName":"sys.ram.available","metricValue":9053450240,"step":null}},"type":"metric_msg"}
{"payload":{"local_timestamp":1717566048424,"message_id":131,"metric":{"epoch":null,"metricName":"sys.ram.percent.used","metricValue":47.0,"step":null}},"type":"metric_msg"}
{"payload":{"local_timestamp":1717566048424,"message_id":132,"metric":{"epoch":null,"metricName":"sys.load.avg","metricValue":0.0,"step":null}},"type":"metric_msg"}
{"payload":{"git_metadata":{"branch":"refs/heads/master","origin":"https://github.com/ultralytics/yolov5.git","parent":"c0380fd85549c8b315bb1fb2f423f9297e9744ec","repo_name":"yolov5","root":"1e84a23f38fad9e52b59101e9f1246d93066ed1e","status":null,"user":"TF-polygon"},"message_id":133},"type":"git_metadata"}
{"payload":{"local_timestamp":1717566048624,"message_id":134,"output":"COMET WARNING: Unknown error exporting current conda environment\n","stderr":true},"type":"standard_output"}
{"payload":{"local_timestamp":1717566048626,"message_id":135,"output":"COMET WARNING: Unknown error retrieving Conda package as an explicit file\n","stderr":true},"type":"standard_output"}
{"payload":{"local_timestamp":1717566048628,"message_id":136,"output":"COMET WARNING: Unknown error retrieving Conda information\n","stderr":true},"type":"standard_output"}
{"payload":{"local_timestamp":1717566048696,"message_id":137,"output":"Downloading https://github.com/ultralytics/yolov5/releases/download/v7.0/yolov5n.pt to weights\\yolov5n.pt...\n","stderr":true},"type":"standard_output"}
{"payload":{"local_timestamp":1717566049562,"message_id":138,"output":"\r  0%|                                                                                      | 0.00/3.87M [00:00<?, ?B/s]","stderr":true},"type":"standard_output"}
{"payload":{"local_timestamp":1717566049695,"message_id":139,"output":"\r  3%|\u2588\u2588\u258c                                                                            | 128k/3.87M [00:00<00:03, 991kB/s]","stderr":true},"type":"standard_output"}
{"payload":{"local_timestamp":1717566049835,"message_id":140,"output":"\r 10%|\u2588\u2588\u2588\u2588\u2588\u2588\u2588\u258c                                                                      | 384k/3.87M [00:00<00:02, 1.51MB/s]","stderr":true},"type":"standard_output"}
{"payload":{"local_timestamp":1717566049957,"message_id":141,"output":"\r 23%|\u2588\u2588\u2588\u2588\u2588\u2588\u2588\u2588\u2588\u2588\u2588\u2588\u2588\u2588\u2588\u2588\u2588\u258c                                                            | 896k/3.87M [00:00<00:01, 2.71MB/s]","stderr":true},"type":"standard_output"}
{"payload":{"local_timestamp":1717566050077,"message_id":142,"output":"\r 35%|\u2588\u2588\u2588\u2588\u2588\u2588\u2588\u2588\u2588\u2588\u2588\u2588\u2588\u2588\u2588\u2588\u2588\u2588\u2588\u2588\u2588\u2588\u2588\u2588\u2588\u2588\u2588\u258e                                                 | 1.38M/3.87M [00:00<00:00, 3.33MB/s]","stderr":true},"type":"standard_output"}
{"payload":{"local_timestamp":1717566050189,"message_id":143,"output":"\r 48%|\u2588\u2588\u2588\u2588\u2588\u2588\u2588\u2588\u2588\u2588\u2588\u2588\u2588\u2588\u2588\u2588\u2588\u2588\u2588\u2588\u2588\u2588\u2588\u2588\u2588\u2588\u2588\u2588\u2588\u2588\u2588\u2588\u2588\u2588\u2588\u2588\u2588\u258e                                       | 1.88M/3.87M [00:00<00:00, 3.77MB/s]","stderr":true},"type":"standard_output"}
{"payload":{"local_timestamp":1717566050300,"message_id":144,"output":"\r 61%|\u2588\u2588\u2588\u2588\u2588\u2588\u2588\u2588\u2588\u2588\u2588\u2588\u2588\u2588\u2588\u2588\u2588\u2588\u2588\u2588\u2588\u2588\u2588\u2588\u2588\u2588\u2588\u2588\u2588\u2588\u2588\u2588\u2588\u2588\u2588\u2588\u2588\u2588\u2588\u2588\u2588\u2588\u2588\u2588\u2588\u2588\u2588\u258f                             | 2.38M/3.87M [00:00<00:00, 4.08MB/s]","stderr":true},"type":"standard_output"}
{"payload":{"local_timestamp":1717566050408,"message_id":145,"output":"\r 74%|\u2588\u2588\u2588\u2588\u2588\u2588\u2588\u2588\u2588\u2588\u2588\u2588\u2588\u2588\u2588\u2588\u2588\u2588\u2588\u2588\u2588\u2588\u2588\u2588\u2588\u2588\u2588\u2588\u2588\u2588\u2588\u2588\u2588\u2588\u2588\u2588\u2588\u2588\u2588\u2588\u2588\u2588\u2588\u2588\u2588\u2588\u2588\u2588\u2588\u2588\u2588\u2588\u2588\u2588\u2588\u2588\u2588\u258f                   | 2.88M/3.87M [00:00<00:00, 4.33MB/s]","stderr":true},"type":"standard_output"}
{"payload":{"local_timestamp":1717566050526,"message_id":146,"output":"\r 87%|\u2588\u2588\u2588\u2588\u2588\u2588\u2588\u2588\u2588\u2588\u2588\u2588\u2588\u2588\u2588\u2588\u2588\u2588\u2588\u2588\u2588\u2588\u2588\u2588\u2588\u2588\u2588\u2588\u2588\u2588\u2588\u2588\u2588\u2588\u2588\u2588\u2588\u2588\u2588\u2588\u2588\u2588\u2588\u2588\u2588\u2588\u2588\u2588\u2588\u2588\u2588\u2588\u2588\u2588\u2588\u2588\u2588\u2588\u2588\u2588\u2588\u2588\u2588\u2588\u2588\u2588\u2588          | 3.38M/3.87M [00:00<00:00, 4.37MB/s]","stderr":true},"type":"standard_output"}
{"payload":{"local_timestamp":1717566050733,"message_id":147,"output":"\r100%|\u2588\u2588\u2588\u2588\u2588\u2588\u2588\u2588\u2588\u2588\u2588\u2588\u2588\u2588\u2588\u2588\u2588\u2588\u2588\u2588\u2588\u2588\u2588\u2588\u2588\u2588\u2588\u2588\u2588\u2588\u2588\u2588\u2588\u2588\u2588\u2588\u2588\u2588\u2588\u2588\u2588\u2588\u2588\u2588\u2588\u2588\u2588\u2588\u2588\u2588\u2588\u2588\u2588\u2588\u2588\u2588\u2588\u2588\u2588\u2588\u2588\u2588\u2588\u2588\u2588\u2588\u2588\u2588\u2588\u2588\u2588\u2588\u2588\u2588\u2588\u2588\u2588| 3.87M/3.87M [00:01<00:00, 3.54MB/s]","stderr":true},"type":"standard_output"}
{"payload":{"local_timestamp":1717566050734,"message_id":148,"output":"\r100%|\u2588\u2588\u2588\u2588\u2588\u2588\u2588\u2588\u2588\u2588\u2588\u2588\u2588\u2588\u2588\u2588\u2588\u2588\u2588\u2588\u2588\u2588\u2588\u2588\u2588\u2588\u2588\u2588\u2588\u2588\u2588\u2588\u2588\u2588\u2588\u2588\u2588\u2588\u2588\u2588\u2588\u2588\u2588\u2588\u2588\u2588\u2588\u2588\u2588\u2588\u2588\u2588\u2588\u2588\u2588\u2588\u2588\u2588\u2588\u2588\u2588\u2588\u2588\u2588\u2588\u2588\u2588\u2588\u2588\u2588\u2588\u2588\u2588\u2588\u2588\u2588\u2588| 3.87M/3.87M [00:01<00:00, 3.47MB/s]","stderr":true},"type":"standard_output"}
{"payload":{"local_timestamp":1717566050735,"message_id":149,"output":"\n","stderr":true},"type":"standard_output"}
{"payload":{"local_timestamp":1717566050738,"message_id":150,"output":"\n","stderr":true},"type":"standard_output"}
{"payload":{"local_timestamp":1717566050789,"message_id":151,"output":"Overriding model.yaml nc=80 with nc=10\n","stderr":true},"type":"standard_output"}
{"payload":{"local_timestamp":1717566050791,"message_id":152,"output":"\n                 from  n    params  module                                  arguments                     \n","stderr":true},"type":"standard_output"}
{"payload":{"local_timestamp":1717566050792,"message_id":153,"output":"  0                -1  1      1760  models.common.Conv                      [3, 16, 6, 2, 2]              \n","stderr":true},"type":"standard_output"}
{"payload":{"local_timestamp":1717566050793,"message_id":154,"output":"  1                -1  1      4672  models.common.Conv                      [16, 32, 3, 2]                \n","stderr":true},"type":"standard_output"}
{"payload":{"local_timestamp":1717566050794,"message_id":155,"output":"  2                -1  1      4800  models.common.C3                        [32, 32, 1]                   \n","stderr":true},"type":"standard_output"}
{"payload":{"local_timestamp":1717566050795,"message_id":156,"output":"  3                -1  1     18560  models.common.Conv                      [32, 64, 3, 2]                \n","stderr":true},"type":"standard_output"}
{"payload":{"local_timestamp":1717566050797,"message_id":157,"output":"  4                -1  2     29184  models.common.C3                        [64, 64, 2]                   \n","stderr":true},"type":"standard_output"}
{"payload":{"local_timestamp":1717566050801,"message_id":158,"output":"  5                -1  1     73984  models.common.Conv                      [64, 128, 3, 2]               \n","stderr":true},"type":"standard_output"}
{"payload":{"local_timestamp":1717566050805,"message_id":159,"output":"  6                -1  3    156928  models.common.C3                        [128, 128, 3]                 \n","stderr":true},"type":"standard_output"}
{"payload":{"local_timestamp":1717566050809,"message_id":160,"output":"  7                -1  1    295424  models.common.Conv                      [128, 256, 3, 2]              \n","stderr":true},"type":"standard_output"}
{"payload":{"local_timestamp":1717566050812,"message_id":161,"output":"  8                -1  1    296448  models.common.C3                        [256, 256, 1]                 \n","stderr":true},"type":"standard_output"}
{"payload":{"local_timestamp":1717566050816,"message_id":162,"output":"  9                -1  1    164608  models.common.SPPF                      [256, 256, 5]                 \n","stderr":true},"type":"standard_output"}
{"payload":{"local_timestamp":1717566050817,"message_id":163,"output":" 10                -1  1     33024  models.common.Conv                      [256, 128, 1, 1]              \n","stderr":true},"type":"standard_output"}
{"payload":{"local_timestamp":1717566050818,"message_id":164,"output":" 11                -1  1         0  torch.nn.modules.upsampling.Upsample    [None, 2, 'nearest']          \n","stderr":true},"type":"standard_output"}
{"payload":{"local_timestamp":1717566050818,"message_id":165,"output":" 12           [-1, 6]  1         0  models.common.Concat                    [1]                           \n","stderr":true},"type":"standard_output"}
{"payload":{"local_timestamp":1717566050821,"message_id":166,"output":" 13                -1  1     90880  models.common.C3                        [256, 128, 1, False]          \n","stderr":true},"type":"standard_output"}
{"payload":{"local_timestamp":1717566050822,"message_id":167,"output":" 14                -1  1      8320  models.common.Conv                      [128, 64, 1, 1]               \n","stderr":true},"type":"standard_output"}
{"payload":{"local_timestamp":1717566050823,"message_id":168,"output":" 15                -1  1         0  torch.nn.modules.upsampling.Upsample    [None, 2, 'nearest']          \n","stderr":true},"type":"standard_output"}
{"payload":{"local_timestamp":1717566050823,"message_id":169,"output":" 16           [-1, 4]  1         0  models.common.Concat                    [1]                           \n","stderr":true},"type":"standard_output"}
{"payload":{"local_timestamp":1717566050825,"message_id":170,"output":" 17                -1  1     22912  models.common.C3                        [128, 64, 1, False]           \n","stderr":true},"type":"standard_output"}
{"payload":{"local_timestamp":1717566050827,"message_id":171,"output":" 18                -1  1     36992  models.common.Conv                      [64, 64, 3, 2]                \n","stderr":true},"type":"standard_output"}
{"payload":{"local_timestamp":1717566050827,"message_id":172,"output":" 19          [-1, 14]  1         0  models.common.Concat                    [1]                           \n","stderr":true},"type":"standard_output"}
{"payload":{"local_timestamp":1717566050829,"message_id":173,"output":" 20                -1  1     74496  models.common.C3                        [128, 128, 1, False]          \n","stderr":true},"type":"standard_output"}
{"payload":{"local_timestamp":1717566050832,"message_id":174,"output":" 21                -1  1    147712  models.common.Conv                      [128, 128, 3, 2]              \n","stderr":true},"type":"standard_output"}
{"payload":{"local_timestamp":1717566050832,"message_id":175,"output":" 22          [-1, 10]  1         0  models.common.Concat                    [1]                           \n","stderr":true},"type":"standard_output"}
{"payload":{"local_timestamp":1717566050838,"message_id":176,"output":" 23                -1  1    296448  models.common.C3                        [256, 256, 1, False]          \n","stderr":true},"type":"standard_output"}
{"payload":{"local_timestamp":1717566050839,"message_id":177,"output":" 24      [17, 20, 23]  1     20295  models.yolo.Detect                      [10, [[10, 13, 16, 30, 33, 23], [30, 61, 62, 45, 59, 119], [116, 90, 156, 198, 373, 326]], [64, 128, 256]]\n","stderr":true},"type":"standard_output"}
{"payload":{"local_timestamp":1717566051008,"message_id":178,"output":"YOLOv5n summary: 214 layers, 1777447 parameters, 1777447 gradients, 4.3 GFLOPs\n","stderr":true},"type":"standard_output"}
{"payload":{"local_timestamp":1717566051010,"message_id":179,"output":"\n","stderr":true},"type":"standard_output"}
{"payload":{"local_timestamp":1717566051209,"message_id":180,"output":"Transferred 342/349 items from weights\\yolov5n.pt\n","stderr":true},"type":"standard_output"}
{"payload":{"local_timestamp":1717566051660,"message_id":181,"output":"\u001b[34m\u001b[1mAMP: \u001b[0mchecks passed \n","stderr":true},"type":"standard_output"}
{"payload":{"local_timestamp":1717566051663,"message_id":182,"output":"\u001b[34m\u001b[1moptimizer:\u001b[0m SGD(lr=0.01) with parameter groups 57 weight(decay=0.0), 60 weight(decay=0.0005), 60 bias\n","stderr":true},"type":"standard_output"}
{"payload":{"local_timestamp":1717566051703,"message_id":183,"output":"Traceback (most recent call last):\n","stderr":true},"type":"standard_output"}
{"payload":{"local_timestamp":1717566051705,"message_id":184,"output":"  File \"C:\\Users\\CVPR Lab\\Desktop\\METAVERSE LAB\\[LAB]Research\\PyLabs\\yolov5_cuda\\yolov5\\utils\\dataloaders.py\", line 583, in __init__\n","stderr":true},"type":"standard_output"}
{"payload":{"local_timestamp":1717566051705,"message_id":185,"output":"    ","stderr":true},"type":"standard_output"}
{"payload":{"local_timestamp":1717566051705,"message_id":186,"output":"assert self.im_files, f\"{prefix}No images found\"","stderr":true},"type":"standard_output"}
{"payload":{"local_timestamp":1717566051705,"message_id":187,"output":"\n","stderr":true},"type":"standard_output"}
{"payload":{"local_timestamp":1717566051705,"message_id":188,"output":" ","stderr":true},"type":"standard_output"}
{"payload":{"local_timestamp":1717566051705,"message_id":189,"output":" ","stderr":true},"type":"standard_output"}
{"payload":{"local_timestamp":1717566051705,"message_id":190,"output":" ","stderr":true},"type":"standard_output"}
{"payload":{"local_timestamp":1717566051705,"message_id":191,"output":" ","stderr":true},"type":"standard_output"}
{"payload":{"local_timestamp":1717566051705,"message_id":192,"output":" ","stderr":true},"type":"standard_output"}
{"payload":{"local_timestamp":1717566051705,"message_id":193,"output":" ","stderr":true},"type":"standard_output"}
{"payload":{"local_timestamp":1717566051705,"message_id":194,"output":" ","stderr":true},"type":"standard_output"}
{"payload":{"local_timestamp":1717566051705,"message_id":195,"output":" ","stderr":true},"type":"standard_output"}
{"payload":{"local_timestamp":1717566051705,"message_id":196,"output":" ","stderr":true},"type":"standard_output"}
{"payload":{"local_timestamp":1717566051705,"message_id":197,"output":" ","stderr":true},"type":"standard_output"}
{"payload":{"local_timestamp":1717566051705,"message_id":198,"output":" ","stderr":true},"type":"standard_output"}
{"payload":{"local_timestamp":1717566051705,"message_id":199,"output":"^","stderr":true},"type":"standard_output"}
{"payload":{"local_timestamp":1717566051705,"message_id":200,"output":"^","stderr":true},"type":"standard_output"}
{"payload":{"local_timestamp":1717566051705,"message_id":201,"output":"^","stderr":true},"type":"standard_output"}
{"payload":{"local_timestamp":1717566051705,"message_id":202,"output":"^","stderr":true},"type":"standard_output"}
{"payload":{"local_timestamp":1717566051705,"message_id":203,"output":"^","stderr":true},"type":"standard_output"}
{"payload":{"local_timestamp":1717566051705,"message_id":204,"output":"^","stderr":true},"type":"standard_output"}
{"payload":{"local_timestamp":1717566051705,"message_id":205,"output":"^","stderr":true},"type":"standard_output"}
{"payload":{"local_timestamp":1717566051705,"message_id":206,"output":"^","stderr":true},"type":"standard_output"}
{"payload":{"local_timestamp":1717566051706,"message_id":207,"output":"^","stderr":true},"type":"standard_output"}
{"payload":{"local_timestamp":1717566051706,"message_id":208,"output":"^","stderr":true},"type":"standard_output"}
{"payload":{"local_timestamp":1717566051706,"message_id":209,"output":"^","stderr":true},"type":"standard_output"}
{"payload":{"local_timestamp":1717566051706,"message_id":210,"output":"^","stderr":true},"type":"standard_output"}
{"payload":{"local_timestamp":1717566051706,"message_id":211,"output":"^","stderr":true},"type":"standard_output"}
{"payload":{"local_timestamp":1717566051706,"message_id":212,"output":"\n","stderr":true},"type":"standard_output"}
{"payload":{"local_timestamp":1717566051706,"message_id":213,"output":"AssertionError","stderr":true},"type":"standard_output"}
{"payload":{"local_timestamp":1717566051706,"message_id":214,"output":": ","stderr":true},"type":"standard_output"}
{"payload":{"local_timestamp":1717566051706,"message_id":215,"output":"\u001b[34m\u001b[1mtrain: \u001b[0mNo images found","stderr":true},"type":"standard_output"}
{"payload":{"local_timestamp":1717566051706,"message_id":216,"output":"\n","stderr":true},"type":"standard_output"}
{"payload":{"local_timestamp":1717566051706,"message_id":217,"output":"\n","stderr":true},"type":"standard_output"}
{"payload":{"local_timestamp":1717566051707,"message_id":218,"output":"The above exception was the direct cause of the following exception:\n","stderr":true},"type":"standard_output"}
{"payload":{"local_timestamp":1717566051707,"message_id":219,"output":"\n","stderr":true},"type":"standard_output"}
{"payload":{"local_timestamp":1717566051708,"message_id":220,"output":"Traceback (most recent call last):\n","stderr":true},"type":"standard_output"}
{"payload":{"local_timestamp":1717566051709,"message_id":221,"output":"  File \"C:\\Users\\CVPR Lab\\Desktop\\METAVERSE LAB\\[LAB]Research\\PyLabs\\yolov5_cuda\\yolov5\\train.py\", line 848, in <module>\n","stderr":true},"type":"standard_output"}
{"payload":{"local_timestamp":1717566051709,"message_id":222,"output":"    ","stderr":true},"type":"standard_output"}
{"payload":{"local_timestamp":1717566051709,"message_id":223,"output":"main(opt)","stderr":true},"type":"standard_output"}
{"payload":{"local_timestamp":1717566051709,"message_id":224,"output":"\n","stderr":true},"type":"standard_output"}
{"payload":{"local_timestamp":1717566051710,"message_id":225,"output":"  File \"C:\\Users\\CVPR Lab\\Desktop\\METAVERSE LAB\\[LAB]Research\\PyLabs\\yolov5_cuda\\yolov5\\train.py\", line 623, in main\n","stderr":true},"type":"standard_output"}
{"payload":{"local_timestamp":1717566051710,"message_id":226,"output":"    ","stderr":true},"type":"standard_output"}
{"payload":{"local_timestamp":1717566051710,"message_id":227,"output":"train(opt.hyp, opt, device, callbacks)","stderr":true},"type":"standard_output"}
{"payload":{"local_timestamp":1717566051710,"message_id":228,"output":"\n","stderr":true},"type":"standard_output"}
{"payload":{"local_timestamp":1717566051711,"message_id":229,"output":"  File \"C:\\Users\\CVPR Lab\\Desktop\\METAVERSE LAB\\[LAB]Research\\PyLabs\\yolov5_cuda\\yolov5\\train.py\", line 254, in train\n","stderr":true},"type":"standard_output"}
{"payload":{"local_timestamp":1717566051711,"message_id":230,"output":"    ","stderr":true},"type":"standard_output"}
{"payload":{"local_timestamp":1717566051711,"message_id":231,"output":"train_loader, dataset = create_dataloader(","stderr":true},"type":"standard_output"}
{"payload":{"local_timestamp":1717566051712,"message_id":232,"output":"\n","stderr":true},"type":"standard_output"}
{"payload":{"local_timestamp":1717566051712,"message_id":233,"output":" ","stderr":true},"type":"standard_output"}
{"payload":{"local_timestamp":1717566051712,"message_id":234,"output":" ","stderr":true},"type":"standard_output"}
{"payload":{"local_timestamp":1717566051712,"message_id":235,"output":" ","stderr":true},"type":"standard_output"}
{"payload":{"local_timestamp":1717566051712,"message_id":236,"output":" ","stderr":true},"type":"standard_output"}
{"payload":{"local_timestamp":1717566051712,"message_id":237,"output":" ","stderr":true},"type":"standard_output"}
{"payload":{"local_timestamp":1717566051712,"message_id":238,"output":" ","stderr":true},"type":"standard_output"}
{"payload":{"local_timestamp":1717566051712,"message_id":239,"output":" ","stderr":true},"type":"standard_output"}
{"payload":{"local_timestamp":1717566051712,"message_id":240,"output":" ","stderr":true},"type":"standard_output"}
{"payload":{"local_timestamp":1717566051712,"message_id":241,"output":" ","stderr":true},"type":"standard_output"}
{"payload":{"local_timestamp":1717566051712,"message_id":242,"output":" ","stderr":true},"type":"standard_output"}
{"payload":{"local_timestamp":1717566051712,"message_id":243,"output":" ","stderr":true},"type":"standard_output"}
{"payload":{"local_timestamp":1717566051712,"message_id":244,"output":" ","stderr":true},"type":"standard_output"}
{"payload":{"local_timestamp":1717566051712,"message_id":245,"output":" ","stderr":true},"type":"standard_output"}
{"payload":{"local_timestamp":1717566051712,"message_id":246,"output":" ","stderr":true},"type":"standard_output"}
{"payload":{"local_timestamp":1717566051712,"message_id":247,"output":" ","stderr":true},"type":"standard_output"}
{"payload":{"local_timestamp":1717566051712,"message_id":248,"output":" ","stderr":true},"type":"standard_output"}
{"payload":{"local_timestamp":1717566051712,"message_id":249,"output":" ","stderr":true},"type":"standard_output"}
{"payload":{"local_timestamp":1717566051712,"message_id":250,"output":" ","stderr":true},"type":"standard_output"}
{"payload":{"local_timestamp":1717566051712,"message_id":251,"output":" ","stderr":true},"type":"standard_output"}
{"payload":{"local_timestamp":1717566051712,"message_id":252,"output":" ","stderr":true},"type":"standard_output"}
{"payload":{"local_timestamp":1717566051712,"message_id":253,"output":" ","stderr":true},"type":"standard_output"}
{"payload":{"local_timestamp":1717566051712,"message_id":254,"output":" ","stderr":true},"type":"standard_output"}
{"payload":{"local_timestamp":1717566051712,"message_id":255,"output":" ","stderr":true},"type":"standard_output"}
{"payload":{"local_timestamp":1717566051712,"message_id":256,"output":" ","stderr":true},"type":"standard_output"}
{"payload":{"local_timestamp":1717566051712,"message_id":257,"output":" ","stderr":true},"type":"standard_output"}
{"payload":{"local_timestamp":1717566051712,"message_id":258,"output":" ","stderr":true},"type":"standard_output"}
{"payload":{"local_timestamp":1717566051712,"message_id":259,"output":" ","stderr":true},"type":"standard_output"}
{"payload":{"local_timestamp":1717566051712,"message_id":260,"output":" ","stderr":true},"type":"standard_output"}
{"payload":{"local_timestamp":1717566051712,"message_id":261,"output":"^","stderr":true},"type":"standard_output"}
{"payload":{"local_timestamp":1717566051712,"message_id":262,"output":"^","stderr":true},"type":"standard_output"}
{"payload":{"local_timestamp":1717566051712,"message_id":263,"output":"^","stderr":true},"type":"standard_output"}
{"payload":{"local_timestamp":1717566051712,"message_id":264,"output":"^","stderr":true},"type":"standard_output"}
{"payload":{"local_timestamp":1717566051712,"message_id":265,"output":"^","stderr":true},"type":"standard_output"}
{"payload":{"local_timestamp":1717566051712,"message_id":266,"output":"^","stderr":true},"type":"standard_output"}
{"payload":{"local_timestamp":1717566051712,"message_id":267,"output":"^","stderr":true},"type":"standard_output"}
{"payload":{"local_timestamp":1717566051712,"message_id":268,"output":"^","stderr":true},"type":"standard_output"}
{"payload":{"local_timestamp":1717566051712,"message_id":269,"output":"^","stderr":true},"type":"standard_output"}
{"payload":{"local_timestamp":1717566051712,"message_id":270,"output":"^","stderr":true},"type":"standard_output"}
{"payload":{"local_timestamp":1717566051712,"message_id":271,"output":"^","stderr":true},"type":"standard_output"}
{"payload":{"local_timestamp":1717566051712,"message_id":272,"output":"^","stderr":true},"type":"standard_output"}
{"payload":{"local_timestamp":1717566051712,"message_id":273,"output":"^","stderr":true},"type":"standard_output"}
{"payload":{"local_timestamp":1717566051712,"message_id":274,"output":"^","stderr":true},"type":"standard_output"}
{"payload":{"local_timestamp":1717566051712,"message_id":275,"output":"^","stderr":true},"type":"standard_output"}
{"payload":{"local_timestamp":1717566051712,"message_id":276,"output":"^","stderr":true},"type":"standard_output"}
{"payload":{"local_timestamp":1717566051712,"message_id":277,"output":"^","stderr":true},"type":"standard_output"}
{"payload":{"local_timestamp":1717566051712,"message_id":278,"output":"^","stderr":true},"type":"standard_output"}
{"payload":{"local_timestamp":1717566051713,"message_id":279,"output":"\n","stderr":true},"type":"standard_output"}
{"payload":{"local_timestamp":1717566051713,"message_id":280,"output":"  File \"C:\\Users\\CVPR Lab\\Desktop\\METAVERSE LAB\\[LAB]Research\\PyLabs\\yolov5_cuda\\yolov5\\utils\\dataloaders.py\", line 181, in create_dataloader\n","stderr":true},"type":"standard_output"}
{"payload":{"local_timestamp":1717566051714,"message_id":281,"output":"    ","stderr":true},"type":"standard_output"}
{"payload":{"local_timestamp":1717566051714,"message_id":282,"output":"dataset = LoadImagesAndLabels(","stderr":true},"type":"standard_output"}
{"payload":{"local_timestamp":1717566051714,"message_id":283,"output":"\n","stderr":true},"type":"standard_output"}
{"payload":{"local_timestamp":1717566051714,"message_id":284,"output":" ","stderr":true},"type":"standard_output"}
{"payload":{"local_timestamp":1717566051714,"message_id":285,"output":" ","stderr":true},"type":"standard_output"}
{"payload":{"local_timestamp":1717566051714,"message_id":286,"output":" ","stderr":true},"type":"standard_output"}
{"payload":{"local_timestamp":1717566051714,"message_id":287,"output":" ","stderr":true},"type":"standard_output"}
{"payload":{"local_timestamp":1717566051714,"message_id":288,"output":" ","stderr":true},"type":"standard_output"}
{"payload":{"local_timestamp":1717566051714,"message_id":289,"output":" ","stderr":true},"type":"standard_output"}
{"payload":{"local_timestamp":1717566051714,"message_id":290,"output":" ","stderr":true},"type":"standard_output"}
{"payload":{"local_timestamp":1717566051714,"message_id":291,"output":" ","stderr":true},"type":"standard_output"}
{"payload":{"local_timestamp":1717566051714,"message_id":292,"output":" ","stderr":true},"type":"standard_output"}
{"payload":{"local_timestamp":1717566051714,"message_id":293,"output":" ","stderr":true},"type":"standard_output"}
{"payload":{"local_timestamp":1717566051714,"message_id":294,"output":" ","stderr":true},"type":"standard_output"}
{"payload":{"local_timestamp":1717566051714,"message_id":295,"output":" ","stderr":true},"type":"standard_output"}
{"payload":{"local_timestamp":1717566051714,"message_id":296,"output":" ","stderr":true},"type":"standard_output"}
{"payload":{"local_timestamp":1717566051714,"message_id":297,"output":" ","stderr":true},"type":"standard_output"}
{"payload":{"local_timestamp":1717566051714,"message_id":298,"output":"^","stderr":true},"type":"standard_output"}
{"payload":{"local_timestamp":1717566051714,"message_id":299,"output":"^","stderr":true},"type":"standard_output"}
{"payload":{"local_timestamp":1717566051714,"message_id":300,"output":"^","stderr":true},"type":"standard_output"}
{"payload":{"local_timestamp":1717566051714,"message_id":301,"output":"^","stderr":true},"type":"standard_output"}
{"payload":{"local_timestamp":1717566051714,"message_id":302,"output":"^","stderr":true},"type":"standard_output"}
{"payload":{"local_timestamp":1717566051714,"message_id":303,"output":"^","stderr":true},"type":"standard_output"}
{"payload":{"local_timestamp":1717566051714,"message_id":304,"output":"^","stderr":true},"type":"standard_output"}
{"payload":{"local_timestamp":1717566051714,"message_id":305,"output":"^","stderr":true},"type":"standard_output"}
{"payload":{"local_timestamp":1717566051714,"message_id":306,"output":"^","stderr":true},"type":"standard_output"}
{"payload":{"local_timestamp":1717566051714,"message_id":307,"output":"^","stderr":true},"type":"standard_output"}
{"payload":{"local_timestamp":1717566051714,"message_id":308,"output":"^","stderr":true},"type":"standard_output"}
{"payload":{"local_timestamp":1717566051714,"message_id":309,"output":"^","stderr":true},"type":"standard_output"}
{"payload":{"local_timestamp":1717566051714,"message_id":310,"output":"^","stderr":true},"type":"standard_output"}
{"payload":{"local_timestamp":1717566051714,"message_id":311,"output":"^","stderr":true},"type":"standard_output"}
{"payload":{"local_timestamp":1717566051714,"message_id":312,"output":"^","stderr":true},"type":"standard_output"}
{"payload":{"local_timestamp":1717566051714,"message_id":313,"output":"^","stderr":true},"type":"standard_output"}
{"payload":{"local_timestamp":1717566051714,"message_id":314,"output":"^","stderr":true},"type":"standard_output"}
{"payload":{"local_timestamp":1717566051714,"message_id":315,"output":"^","stderr":true},"type":"standard_output"}
{"payload":{"local_timestamp":1717566051714,"message_id":316,"output":"^","stderr":true},"type":"standard_output"}
{"payload":{"local_timestamp":1717566051714,"message_id":317,"output":"^","stderr":true},"type":"standard_output"}
{"payload":{"local_timestamp":1717566051714,"message_id":318,"output":"\n","stderr":true},"type":"standard_output"}
{"payload":{"local_timestamp":1717566051715,"message_id":319,"output":"  File \"C:\\Users\\CVPR Lab\\Desktop\\METAVERSE LAB\\[LAB]Research\\PyLabs\\yolov5_cuda\\yolov5\\utils\\dataloaders.py\", line 585, in __init__\n","stderr":true},"type":"standard_output"}
{"payload":{"local_timestamp":1717566051715,"message_id":320,"output":"    ","stderr":true},"type":"standard_output"}
{"payload":{"local_timestamp":1717566051715,"message_id":321,"output":"raise Exception(f\"{prefix}Error loading data from {path}: {e}\\n{HELP_URL}\") from e","stderr":true},"type":"standard_output"}
{"payload":{"local_timestamp":1717566051715,"message_id":322,"output":"\n","stderr":true},"type":"standard_output"}
{"payload":{"local_timestamp":1717566051716,"message_id":323,"output":"Exception","stderr":true},"type":"standard_output"}
{"payload":{"local_timestamp":1717566051716,"message_id":324,"output":": ","stderr":true},"type":"standard_output"}
{"payload":{"local_timestamp":1717566051716,"message_id":325,"output":"\u001b[34m\u001b[1mtrain: \u001b[0mError loading data from C:\\Users\\CVPR Lab\\Desktop\\METAVERSE LAB\\[LAB]Research\\PyLabs\\yolov5_cuda\\yolov5\\data\\train\\images: \u001b[34m\u001b[1mtrain: \u001b[0mNo images found\nSee https://docs.ultralytics.com/yolov5/tutorials/train_custom_data","stderr":true},"type":"standard_output"}
{"payload":{"local_timestamp":1717566051716,"message_id":326,"output":"\n","stderr":true},"type":"standard_output"}
{"payload":{"local_timestamp":1717566051717,"message_id":327,"output":"COMET INFO: ---------------------------------------------------------------------------------------\n","stderr":true},"type":"standard_output"}
{"payload":{"local_timestamp":1717566051717,"message_id":328,"output":"COMET INFO: Comet.ml OfflineExperiment Summary\n","stderr":true},"type":"standard_output"}
{"payload":{"local_timestamp":1717566051718,"message_id":329,"output":"COMET INFO: ---------------------------------------------------------------------------------------\n","stderr":true},"type":"standard_output"}
{"payload":{"local_timestamp":1717566051718,"message_id":330,"output":"COMET INFO:   Data:\n","stderr":true},"type":"standard_output"}
{"payload":{"local_timestamp":1717566051719,"message_id":331,"output":"COMET INFO:     display_summary_level : 1\n","stderr":true},"type":"standard_output"}
{"payload":{"local_timestamp":1717566051719,"message_id":332,"output":"COMET INFO:     name                  : exp\n","stderr":true},"type":"standard_output"}
{"payload":{"local_timestamp":1717566051719,"message_id":333,"output":"COMET INFO:     url                   : [OfflineExperiment will get URL after upload]\n","stderr":true},"type":"standard_output"}
{"payload":{"local_timestamp":1717566051720,"message_id":334,"output":"COMET INFO:   Others:\n","stderr":true},"type":"standard_output"}
{"payload":{"local_timestamp":1717566051720,"message_id":335,"output":"COMET INFO:     Created from                : YOLOv5\n","stderr":true},"type":"standard_output"}
{"payload":{"local_timestamp":1717566051721,"message_id":336,"output":"COMET INFO:     Name                        : exp\n","stderr":true},"type":"standard_output"}
{"payload":{"local_timestamp":1717566051721,"message_id":337,"output":"COMET INFO:     comet_log_batch_metrics     : False\n","stderr":true},"type":"standard_output"}
{"payload":{"local_timestamp":1717566051722,"message_id":338,"output":"COMET INFO:     comet_log_confusion_matrix  : True\n","stderr":true},"type":"standard_output"}
{"payload":{"local_timestamp":1717566051722,"message_id":339,"output":"COMET INFO:     comet_log_per_class_metrics : False\n","stderr":true},"type":"standard_output"}
{"payload":{"local_timestamp":1717566051723,"message_id":340,"output":"COMET INFO:     comet_max_image_uploads     : 100\n","stderr":true},"type":"standard_output"}
{"payload":{"local_timestamp":1717566051723,"message_id":341,"output":"COMET INFO:     comet_mode                  : online\n","stderr":true},"type":"standard_output"}
{"payload":{"local_timestamp":1717566051724,"message_id":342,"output":"COMET INFO:     comet_model_name            : yolov5\n","stderr":true},"type":"standard_output"}
{"payload":{"local_timestamp":1717566051729,"message_id":343,"output":"COMET INFO:     hasNestedParams             : True\n","stderr":true},"type":"standard_output"}
{"payload":{"local_timestamp":1717566051729,"message_id":344,"output":"COMET INFO:     offline_experiment          : True\n","stderr":true},"type":"standard_output"}
{"payload":{"local_timestamp":1717566051730,"message_id":345,"output":"COMET INFO:   Parameters:\n","stderr":true},"type":"standard_output"}
{"payload":{"local_timestamp":1717566051730,"message_id":346,"output":"COMET INFO:     anchor_t            : 4.0\n","stderr":true},"type":"standard_output"}
{"payload":{"local_timestamp":1717566051731,"message_id":347,"output":"COMET INFO:     artifact_alias      : latest\n","stderr":true},"type":"standard_output"}
{"payload":{"local_timestamp":1717566051731,"message_id":348,"output":"COMET INFO:     batch_size          : 16\n","stderr":true},"type":"standard_output"}
{"payload":{"local_timestamp":1717566051732,"message_id":349,"output":"COMET INFO:     bbox_interval       : -1\n","stderr":true},"type":"standard_output"}
{"payload":{"local_timestamp":1717566051732,"message_id":350,"output":"COMET INFO:     box                 : 0.05\n","stderr":true},"type":"standard_output"}
{"payload":{"local_timestamp":1717566051733,"message_id":351,"output":"COMET INFO:     bucket              : \n","stderr":true},"type":"standard_output"}
{"payload":{"local_timestamp":1717566051733,"message_id":352,"output":"COMET INFO:     cache               : None\n","stderr":true},"type":"standard_output"}
{"payload":{"local_timestamp":1717566051734,"message_id":353,"output":"COMET INFO:     cls                 : 0.5\n","stderr":true},"type":"standard_output"}
{"payload":{"local_timestamp":1717566051734,"message_id":354,"output":"COMET INFO:     cls_pw              : 1.0\n","stderr":true},"type":"standard_output"}
{"payload":{"local_timestamp":1717566051734,"message_id":355,"output":"COMET INFO:     copy_paste          : 0.0\n","stderr":true},"type":"standard_output"}
{"payload":{"local_timestamp":1717566051735,"message_id":356,"output":"COMET INFO:     cos_lr              : False\n","stderr":true},"type":"standard_output"}
{"payload":{"local_timestamp":1717566051735,"message_id":357,"output":"COMET INFO:     degrees             : 0.0\n","stderr":true},"type":"standard_output"}
{"payload":{"local_timestamp":1717566051736,"message_id":358,"output":"COMET INFO:     device              : \n","stderr":true},"type":"standard_output"}
{"payload":{"local_timestamp":1717566051736,"message_id":359,"output":"COMET INFO:     entity              : None\n","stderr":true},"type":"standard_output"}
{"payload":{"local_timestamp":1717566051736,"message_id":360,"output":"COMET INFO:     evolve              : None\n","stderr":true},"type":"standard_output"}
{"payload":{"local_timestamp":1717566051737,"message_id":361,"output":"COMET INFO:     evolve_population   : data\\hyps\n","stderr":true},"type":"standard_output"}
{"payload":{"local_timestamp":1717566051737,"message_id":362,"output":"COMET INFO:     exist_ok            : False\n","stderr":true},"type":"standard_output"}
{"payload":{"local_timestamp":1717566051738,"message_id":363,"output":"COMET INFO:     fl_gamma            : 0.0\n","stderr":true},"type":"standard_output"}
{"payload":{"local_timestamp":1717566051738,"message_id":364,"output":"COMET INFO:     fliplr              : 0.5\n","stderr":true},"type":"standard_output"}
{"payload":{"local_timestamp":1717566051741,"message_id":365,"output":"COMET INFO:     flipud              : 0.0\n","stderr":true},"type":"standard_output"}
{"payload":{"local_timestamp":1717566051742,"message_id":366,"output":"COMET INFO:     freeze              : [0]\n","stderr":true},"type":"standard_output"}
{"payload":{"local_timestamp":1717566051742,"message_id":367,"output":"COMET INFO:     hsv_h               : 0.015\n","stderr":true},"type":"standard_output"}
{"payload":{"local_timestamp":1717566051743,"message_id":368,"output":"COMET INFO:     hsv_s               : 0.7\n","stderr":true},"type":"standard_output"}
{"payload":{"local_timestamp":1717566051743,"message_id":369,"output":"COMET INFO:     hsv_v               : 0.4\n","stderr":true},"type":"standard_output"}
{"payload":{"local_timestamp":1717566051743,"message_id":370,"output":"COMET INFO:     hyp|anchor_t        : 4.0\n","stderr":true},"type":"standard_output"}
{"payload":{"local_timestamp":1717566051744,"message_id":371,"output":"COMET INFO:     hyp|box             : 0.05\n","stderr":true},"type":"standard_output"}
{"payload":{"local_timestamp":1717566051744,"message_id":372,"output":"COMET INFO:     hyp|cls             : 0.5\n","stderr":true},"type":"standard_output"}
{"payload":{"local_timestamp":1717566051744,"message_id":373,"output":"COMET INFO:     hyp|cls_pw          : 1.0\n","stderr":true},"type":"standard_output"}
{"payload":{"local_timestamp":1717566051745,"message_id":374,"output":"COMET INFO:     hyp|copy_paste      : 0.0\n","stderr":true},"type":"standard_output"}
{"payload":{"local_timestamp":1717566051745,"message_id":375,"output":"COMET INFO:     hyp|degrees         : 0.0\n","stderr":true},"type":"standard_output"}
{"payload":{"local_timestamp":1717566051746,"message_id":376,"output":"COMET INFO:     hyp|fl_gamma        : 0.0\n","stderr":true},"type":"standard_output"}
{"payload":{"local_timestamp":1717566051746,"message_id":377,"output":"COMET INFO:     hyp|fliplr          : 0.5\n","stderr":true},"type":"standard_output"}
{"payload":{"local_timestamp":1717566051746,"message_id":378,"output":"COMET INFO:     hyp|flipud          : 0.0\n","stderr":true},"type":"standard_output"}
{"payload":{"local_timestamp":1717566051747,"message_id":379,"output":"COMET INFO:     hyp|hsv_h           : 0.015\n","stderr":true},"type":"standard_output"}
{"payload":{"local_timestamp":1717566051747,"message_id":380,"output":"COMET INFO:     hyp|hsv_s           : 0.7\n","stderr":true},"type":"standard_output"}
{"payload":{"local_timestamp":1717566051748,"message_id":381,"output":"COMET INFO:     hyp|hsv_v           : 0.4\n","stderr":true},"type":"standard_output"}
{"payload":{"local_timestamp":1717566051748,"message_id":382,"output":"COMET INFO:     hyp|iou_t           : 0.2\n","stderr":true},"type":"standard_output"}
{"payload":{"local_timestamp":1717566051748,"message_id":383,"output":"COMET INFO:     hyp|lr0             : 0.01\n","stderr":true},"type":"standard_output"}
{"payload":{"local_timestamp":1717566051749,"message_id":384,"output":"COMET INFO:     hyp|lrf             : 0.01\n","stderr":true},"type":"standard_output"}
{"payload":{"local_timestamp":1717566051749,"message_id":385,"output":"COMET INFO:     hyp|mixup           : 0.0\n","stderr":true},"type":"standard_output"}
{"payload":{"local_timestamp":1717566051750,"message_id":386,"output":"COMET INFO:     hyp|momentum        : 0.937\n","stderr":true},"type":"standard_output"}
{"payload":{"local_timestamp":1717566051751,"message_id":387,"output":"COMET INFO:     hyp|mosaic          : 1.0\n","stderr":true},"type":"standard_output"}
{"payload":{"local_timestamp":1717566051752,"message_id":388,"output":"COMET INFO:     hyp|obj             : 1.0\n","stderr":true},"type":"standard_output"}
{"payload":{"local_timestamp":1717566051752,"message_id":389,"output":"COMET INFO:     hyp|obj_pw          : 1.0\n","stderr":true},"type":"standard_output"}
{"payload":{"local_timestamp":1717566051753,"message_id":390,"output":"COMET INFO:     hyp|perspective     : 0.0\n","stderr":true},"type":"standard_output"}
{"payload":{"local_timestamp":1717566051753,"message_id":391,"output":"COMET INFO:     hyp|scale           : 0.5\n","stderr":true},"type":"standard_output"}
{"payload":{"local_timestamp":1717566051753,"message_id":392,"output":"COMET INFO:     hyp|shear           : 0.0\n","stderr":true},"type":"standard_output"}
{"payload":{"local_timestamp":1717566051754,"message_id":393,"output":"COMET INFO:     hyp|translate       : 0.1\n","stderr":true},"type":"standard_output"}
{"payload":{"local_timestamp":1717566051757,"message_id":394,"output":"COMET INFO:     hyp|warmup_bias_lr  : 0.1\n","stderr":true},"type":"standard_output"}
{"payload":{"local_timestamp":1717566051758,"message_id":395,"output":"COMET INFO:     hyp|warmup_epochs   : 3.0\n","stderr":true},"type":"standard_output"}
{"payload":{"local_timestamp":1717566051759,"message_id":396,"output":"COMET INFO:     hyp|warmup_momentum : 0.8\n","stderr":true},"type":"standard_output"}
{"payload":{"local_timestamp":1717566051759,"message_id":397,"output":"COMET INFO:     hyp|weight_decay    : 0.0005\n","stderr":true},"type":"standard_output"}
{"payload":{"local_timestamp":1717566051760,"message_id":398,"output":"COMET INFO:     image_weights       : False\n","stderr":true},"type":"standard_output"}
{"payload":{"local_timestamp":1717566051760,"message_id":399,"output":"COMET INFO:     imgsz               : 640\n","stderr":true},"type":"standard_output"}
{"payload":{"local_timestamp":1717566051761,"message_id":400,"output":"COMET INFO:     iou_t               : 0.2\n","stderr":true},"type":"standard_output"}
{"payload":{"local_timestamp":1717566051761,"message_id":401,"output":"COMET INFO:     label_smoothing     : 0.0\n","stderr":true},"type":"standard_output"}
{"payload":{"local_timestamp":1717566051762,"message_id":402,"output":"COMET INFO:     local_rank          : -1\n","stderr":true},"type":"standard_output"}
{"payload":{"local_timestamp":1717566051762,"message_id":403,"output":"COMET INFO:     lr0                 : 0.01\n","stderr":true},"type":"standard_output"}
{"payload":{"local_timestamp":1717566051762,"message_id":404,"output":"COMET INFO:     lrf                 : 0.01\n","stderr":true},"type":"standard_output"}
{"payload":{"local_timestamp":1717566051763,"message_id":405,"output":"COMET INFO:     mixup               : 0.0\n","stderr":true},"type":"standard_output"}
{"payload":{"local_timestamp":1717566051763,"message_id":406,"output":"COMET INFO:     momentum            : 0.937\n","stderr":true},"type":"standard_output"}
{"payload":{"local_timestamp":1717566051764,"message_id":407,"output":"COMET INFO:     mosaic              : 1.0\n","stderr":true},"type":"standard_output"}
{"payload":{"local_timestamp":1717566051764,"message_id":408,"output":"COMET INFO:     multi_scale         : False\n","stderr":true},"type":"standard_output"}
{"payload":{"local_timestamp":1717566051765,"message_id":409,"output":"COMET INFO:     name                : exp\n","stderr":true},"type":"standard_output"}
{"payload":{"local_timestamp":1717566051765,"message_id":410,"output":"COMET INFO:     ndjson_console      : False\n","stderr":true},"type":"standard_output"}
{"payload":{"local_timestamp":1717566051766,"message_id":411,"output":"COMET INFO:     ndjson_file         : False\n","stderr":true},"type":"standard_output"}
{"payload":{"local_timestamp":1717566051766,"message_id":412,"output":"COMET INFO:     noautoanchor        : False\n","stderr":true},"type":"standard_output"}
{"payload":{"local_timestamp":1717566051767,"message_id":413,"output":"COMET INFO:     noplots             : False\n","stderr":true},"type":"standard_output"}
{"payload":{"local_timestamp":1717566051767,"message_id":414,"output":"COMET INFO:     nosave              : False\n","stderr":true},"type":"standard_output"}
{"payload":{"local_timestamp":1717566051767,"message_id":415,"output":"COMET INFO:     noval               : False\n","stderr":true},"type":"standard_output"}
{"payload":{"local_timestamp":1717566051768,"message_id":416,"output":"COMET INFO:     obj                 : 1.0\n","stderr":true},"type":"standard_output"}
{"payload":{"local_timestamp":1717566051768,"message_id":417,"output":"COMET INFO:     obj_pw              : 1.0\n","stderr":true},"type":"standard_output"}
{"payload":{"local_timestamp":1717566051769,"message_id":418,"output":"COMET INFO:     optimizer           : SGD\n","stderr":true},"type":"standard_output"}
{"payload":{"local_timestamp":1717566051769,"message_id":419,"output":"COMET INFO:     patience            : 100\n","stderr":true},"type":"standard_output"}
{"payload":{"local_timestamp":1717566051769,"message_id":420,"output":"COMET INFO:     perspective         : 0.0\n","stderr":true},"type":"standard_output"}
{"payload":{"local_timestamp":1717566051770,"message_id":421,"output":"COMET INFO:     project             : runs\\train\n","stderr":true},"type":"standard_output"}
{"payload":{"local_timestamp":1717566051773,"message_id":422,"output":"COMET INFO:     quad                : False\n","stderr":true},"type":"standard_output"}
{"payload":{"local_timestamp":1717566051774,"message_id":423,"output":"COMET INFO:     rect                : False\n","stderr":true},"type":"standard_output"}
{"payload":{"local_timestamp":1717566051774,"message_id":424,"output":"COMET INFO:     resume              : False\n","stderr":true},"type":"standard_output"}
{"payload":{"local_timestamp":1717566051775,"message_id":425,"output":"COMET INFO:     resume_evolve       : None\n","stderr":true},"type":"standard_output"}
{"payload":{"local_timestamp":1717566051775,"message_id":426,"output":"COMET INFO:     save_dir            : runs\\train\\exp2\n","stderr":true},"type":"standard_output"}
{"payload":{"local_timestamp":1717566051777,"message_id":427,"output":"COMET INFO:     save_period         : -1\n","stderr":true},"type":"standard_output"}
{"payload":{"local_timestamp":1717566051777,"message_id":428,"output":"COMET INFO:     scale               : 0.5\n","stderr":true},"type":"standard_output"}
{"payload":{"local_timestamp":1717566051777,"message_id":429,"output":"COMET INFO:     seed                : 0\n","stderr":true},"type":"standard_output"}
{"payload":{"local_timestamp":1717566051778,"message_id":430,"output":"COMET INFO:     shear               : 0.0\n","stderr":true},"type":"standard_output"}
{"payload":{"local_timestamp":1717566051778,"message_id":431,"output":"COMET INFO:     single_cls          : False\n","stderr":true},"type":"standard_output"}
{"payload":{"local_timestamp":1717566051779,"message_id":432,"output":"COMET INFO:     sync_bn             : False\n","stderr":true},"type":"standard_output"}
{"payload":{"local_timestamp":1717566051779,"message_id":433,"output":"COMET INFO:     translate           : 0.1\n","stderr":true},"type":"standard_output"}
{"payload":{"local_timestamp":1717566051780,"message_id":434,"output":"COMET INFO:     upload_dataset      : False\n","stderr":true},"type":"standard_output"}
{"payload":{"local_timestamp":1717566051780,"message_id":435,"output":"COMET INFO:     val_conf_threshold  : 0.001\n","stderr":true},"type":"standard_output"}
{"payload":{"local_timestamp":1717566051781,"message_id":436,"output":"COMET INFO:     val_iou_threshold   : 0.6\n","stderr":true},"type":"standard_output"}
{"payload":{"local_timestamp":1717566051781,"message_id":437,"output":"COMET INFO:     warmup_bias_lr      : 0.1\n","stderr":true},"type":"standard_output"}
{"payload":{"local_timestamp":1717566051782,"message_id":438,"output":"COMET INFO:     warmup_epochs       : 3.0\n","stderr":true},"type":"standard_output"}
{"payload":{"local_timestamp":1717566051782,"message_id":439,"output":"COMET INFO:     warmup_momentum     : 0.8\n","stderr":true},"type":"standard_output"}
{"payload":{"local_timestamp":1717566051783,"message_id":440,"output":"COMET INFO:     weight_decay        : 0.0005\n","stderr":true},"type":"standard_output"}
{"payload":{"local_timestamp":1717566051783,"message_id":441,"output":"COMET INFO:     workers             : 8\n","stderr":true},"type":"standard_output"}
{"payload":{"local_timestamp":1717566051784,"message_id":442,"output":"COMET INFO:   Uploads:\n","stderr":true},"type":"standard_output"}
{"payload":{"local_timestamp":1717566051784,"message_id":443,"output":"COMET INFO:     asset               : 3 (1.37 KB)\n","stderr":true},"type":"standard_output"}
{"payload":{"local_timestamp":1717566051785,"message_id":444,"output":"COMET INFO:     environment details : 1\n","stderr":true},"type":"standard_output"}
{"payload":{"local_timestamp":1717566051785,"message_id":445,"output":"COMET INFO:     git metadata        : 1\n","stderr":true},"type":"standard_output"}
{"payload":{"local_timestamp":1717566051786,"message_id":446,"output":"COMET INFO:     installed packages  : 1\n","stderr":true},"type":"standard_output"}
{"payload":{"local_timestamp":1717566051789,"message_id":447,"output":"COMET INFO: \n","stderr":true},"type":"standard_output"}
